{
  "current": {
    "collection_style_1": "collectionstyleone",
    "grid": "4",
    "rows": "8",
    "button_text": "Add To Cart",
    "button_border_radius": "10",
    "button_text_color": "#ffffff",
    "button_background_color": "#cb2a2a",
    "show_sale_tag": true,
    "sale_text_color": "#1ec7c7",
    "sale_style_1": "salestyletwo",
    "show_vendor": false,
    "sort_enable": true,
    "coupon_bg": "#ffffff",
    "coupon_code_bg": "#c14646",
    "button_checkout_color": "#05945a",
    "coupon_title": "'Avant Garde', Avantgarde, 'Century Gothic', CenturyGothic, 'AppleGothic', sans-serif",
    "coupon_body": "Geneva, Tahoma, Verdana, sans-serif",
    "enable_coupon": true,
    "enable_sticky_button": true,
    "enable_exit_intent": false,
    "session_time": "1",
    "time_pop": "5",
    "message1": "You Can Edit All Of This! Collect Emails By Offering A Discount",
    "color_newsletter": "#116cc1",
    "message2": "Hey enter your email now",
    "coupon_desc": "#753e3e",
    "button_text_1": "Unlock NOW!",
    "coupon_code": "SUPERSALE",
    "newsletter_text": "Go on, unlock that sweet discount",
    "integration_type": "mailchimp_list",
    "mailchimp_action_url": "http:\/\/onlinedimes.us10.list-manage.com\/subscribe\/post-json?u=0fcfea4ecdddbdf3c4e9288a4&amp;id=89a4d4b963",
    "enable_sales_ticker": true,
    "enable_mobile_ticker": true,
    "max_num": "7",
    "box_slider_shodow": true,
    "max_num_1": "2",
    "min_num_2": "1",
    "sales_ticker_collection": "cool-phone-gear",
    "sale_ticker_text_1": "Someone Awesome Purchased a",
    "text_color": "#000000",
    "product_color": "#15bede",
    "sale_background_color": "#e4e4e4",
    "sale_border_color": "#d30026",
    "hours_color_1": "#49d0c0",
    "modified_ajaxify": "simple",
    "enable_search_autocomplete": true,
    "color_text": "#3d4246",
    "color_body_text": "#788188",
    "color_sale_text": "#7796a8",
    "color_borders": "#e8e9eb",
    "color_button": "#7796a8",
    "coupon_color_button": "#a88477",
    "color_button_text": "#fff",
    "color_small_button": "#fff",
    "color_small_button_text": "#3d4246",
    "color_text_field": "#fff",
    "color_text_field_text": "#000",
    "color_image_overlay_text": "#ffffff",
    "color_image_overlay": "#949494",
    "image_overlay_opacity": "0.25",
    "footer_bgcolor": "#040404",
    "bottom_footer_strip": "#000000",
    "color_body_bg": "#ffffff",
    "type_header_family": "Google_Lato_400_sans",
    "type_header_base_size": "30px",
    "type_base_family": "Google_Lato_400_sans",
    "type_base_size": "18px",
    "type_bold_product_titles": true,
    "share_facebook": true,
    "share_twitter": true,
    "share_pinterest": true,
    "share_instagram": true,
    "social_twitter_link": "https:\/\/facebook.com",
    "foot_imge_1_twitter": "shopify:\/\/shop_images\/facebook.png",
    "social_facebook_link": "https:\/\/facebook.com",
    "foot_imge_1_facbook": "shopify:\/\/shop_images\/facebook.png",
    "social_pinterest_link": "http:\/\/pinterest.com",
    "foot_imge_1_pinterest": "shopify:\/\/shop_images\/pinterest.png",
    "social_instagram_link": "http:\/\/instagram.com\/#",
    "foot_imge_1_instagram": "shopify:\/\/shop_images\/instagram.png",
    "social_tumblr_link": "http:\/\/shopify.tumblr.com\/#",
    "foot_imge_1_tumblr": "shopify:\/\/shop_images\/tumblr.png",
    "social_snapchat_link": "",
    "foot_imge_1_snapchat": "",
    "social_youtube_link": "https:\/\/www.youtube.com\/#",
    "foot_imge_1_youtube": "shopify:\/\/shop_images\/youtube.png",
    "social_vimeo_link": "",
    "foot_imge_1_vimeo": "",
    "favicon": "",
    "show_multiple_currencies": true,
    "currency_format": "money_with_currency_format",
    "supported_currencies": "INR GBP CAD USD AUD EUR JPY",
    "disable_currency": false,
    "default_currency": "USD",
    "scroll_top_enable": false,
    "checkout_header_image": "",
    "checkout_logo_image": "",
    "checkout_logo_position": "left",
    "checkout_logo_size": "medium",
    "checkout_body_background_image": "",
    "checkout_body_background_color": "#fff",
    "checkout_input_background_color_mode": "white",
    "checkout_sidebar_background_image": "",
    "checkout_sidebar_background_color": "#fafafa",
    "checkout_heading_font": "Helvetica Neue",
    "checkout_body_font": "Helvetica Neue",
    "checkout_accent_color": "#1990c6",
    "checkout_button_color": "#1990c6",
    "checkout_error_color": "#ff6d6d",
    "color_text_field_text_1": "#ffffff",
    "text_field_text_2": "#4a974a",
    "footer_newletter_button": "#7796a8",
    "footer_newsletter_text_1": "Unlock NOW!",
    "min_num": "0",
    "show_collection_image": false,
    "sale_text": "sale",
    "tags_enable": true,
    "layout": "grid",
    "title": "Featured collection",
    "collection": "shirts",
    "rows_2": "1",
    "show_view_all": false,
    "grid_1": "4",
    "rows_1": "6",
    "settings.max_num": "3",
    "settings.min_num": "1",
    "sales_ticker_mins": "0",
    "sections": {
      "header": {
        "type": "header",
        "settings": {
          "align_logo": "left",
          "logo": "shopify:\/\/shop_images\/Rising-School-Logo-Retina-Color_d8cb67a3-5c82-44d4-80ba-b1a25d775136.png",
          "logo_max_width": "300",
          "main_linklist": "main-menu",
          "menu_font_size": "21px",
          "menu_font_weight": "500",
          "menu_font_color": "#000000",
          "menu_background_color": "#ffffff",
          "drop_menu_background_color": "#153bd7",
          "message": true,
          "cross": true,
          "hourss_1": "10",
          "message_text": "FREE SHIPPING TODAY ONLY",
          "phone_message": false,
          "phone_text": "(+91)9012345678",
          "message_text_font_size": "20px",
          "message_link": "",
          "color_bg": "#04a7a7",
          "color_text": "#ffffff",
          "announcement_text_width": "450",
          "header_divider": true,
          "header_divider_color": "#059fbd"
        }
      },
      "footer": {
        "type": "footer",
        "settings": {
          "show_payment_icons": true,
          "foot_imge_1_facbook1": "shopify:\/\/shop_images\/mastercard-icon.png",
          "foot_imge_1_twitter1": "shopify:\/\/shop_images\/americanexpress-icon_110d92e9-3ae4-4dcf-b844-6ca1a2adf05a.png",
          "foot_imge_1_pinterest1": "shopify:\/\/shop_images\/visa-icon.png",
          "foot_imge_1_instagram1": "shopify:\/\/shop_images\/mastercard-icon_12532345-09f7-4899-8195-7787f29a4609.png",
          "foot_imge_1_tumblr1": "shopify:\/\/shop_images\/americanexpress-icon_49b3fa8d-c0a7-4551-b7ca-465b6810f267.png",
          "foot_imge_1_snapchat1": "shopify:\/\/shop_images\/ytjtj.png",
          "footer_style": "footerstyleone",
          "footer_linklist_title": "Menu",
          "footer_linklist": "main-menu",
          "footer_linklist_two_title": "Fitness",
          "footer_linklist_two": "fitness",
          "style_1_title": "About",
          "style_1_textarea": "Lorem Ipsum is simply dummy text of the printing and typesetting industry.",
          "footer_newsletter_enable_style_one": true,
          "foot_newstitle": "Newsletter",
          "foot_news_content": "Join our mailing list to get latest updates about our activities",
          "one_color": "#060606",
          "sty_one_main-heading_text": "30",
          "sty_one_main-heading_color": "#f0d108",
          "menu_one_font": "20",
          "menu_one_color": "#05f6b2",
          "menu_two_font": "20",
          "menu_two_color": "#05f6b2",
          "menu_about_font": "20",
          "menu_about_color": "#0cf4bc",
          "menu_news_font": "20",
          "menu_news_color": "#05f6b2",
          "disable_shop_name": false,
          "disable_powered_by": false,
          "Color_footer2": "#ccb445",
          "Color_footer3": "#4a974a",
          "footer_text_cus": "40",
          "footer_text": "20",
          "foot_imge_1": "shopify:\/\/shop_images\/24-hours_small_1.png",
          "foot_text_1_style_2": "100%",
          "foot_subtext_1_style_2": "Satisfaction Guaranteed",
          "foot_imge_2": "shopify:\/\/shop_images\/delivery-truck_2.png",
          "foot_text_2_style_2": "free",
          "foot_subtext_2_style_2": "Shipping On All Orders",
          "foot_imge_3": "shopify:\/\/shop_images\/like_small_d1f8de46-4a85-4e09-8453-161eba592152.png",
          "foot_text_3_style_2": "30 day",
          "foot_subtext_3_style_2": "Full Refund <br> Policy",
          "foor_linklist": "footer",
          "foor_linklist_color": "#53dbf6",
          "disable_payment_icons": true,
          "footer_newsletter_enable": true,
          "heading_over_newsletter_text": "Newsletter",
          "heading_over_newsletter": "#ffffff",
          "above_footer_text": false,
          "footer_newsletter_text_11": "Sign me up!",
          "footer_newsletter_text_color": "#ffffff",
          "footer_newsletter_text_bgcolor": "#ccb445",
          "newsletter_001": false,
          "phone_text_1": "Got a Question? Call Us",
          "phone_text_1_color": "#6f716d",
          "first_line": false,
          "phone_message_two": true,
          "phone_text_two": "(+91)9012345678",
          "phone_number_color": "#ccb445",
          "phone__below_text": "63 North Road Kingsland",
          "phone_below_text_color": "#6f716d",
          "second_line": false,
          "POWERED_BY_SHOPIFY": true,
          "powered_by_shopify_color": "#46bbcc",
          "footer_store_name": "#46bbcc",
          "shop_name": true
        }
      },
      "collection-template": {
        "type": "collection-template",
        "settings": {
          "product_title_collection": "#353540",
          "sale_price_collection": "#353540",
          "compare_price_collection": "#353540"
        }
      },
      "product-template": {
        "type": "product-template",
        "settings": {
          "image_size": "medium",
          "show_quantity_selector": true,
          "show_variant_labels": true,
          "show_vendor": false,
          "enable_zoom": true,
          "show_share_buttons": true,
          "main_product_color": "#070807",
          "main_product_size": "30px",
          "enable_swatches": false,
          "swatches_color": "#6b0b0b",
          "related_product_11": true,
          "cut_through_product_color": "#4fde15",
          "simple_product_color": "#e45104",
          "product_price_text": "",
          "product_description_text": "17",
          "prod_button_color": "#088549",
          "width_add_to_cart_button": "100",
          "width_add_to_cart_button_1": "100",
          "prod_button_text": "ADD TO CART",
          "font_size": "30",
          "stock_value_1": "Hurry now",
          "stock_value_2": "items left",
          "text3": "20",
          "prod_button_soldtext": "Sold Out",
          "prod_button_textcolor": "#ffffff",
          "prod_button_borderadius": "6",
          "Fixed": false,
          "enable_divider": true,
          "top_enable": false,
          "enable_security_badge_1": true,
          "prod_security_badge_1_top": "shopify:\/\/shop_images\/safe_checkout.jpg",
          "prod_security_badge_2_top": "",
          "prod_security_badge_3_top": "",
          "prod_security_badge_4_top": "",
          "enable_security_badge": true,
          "prod_security_badge_1": "shopify:\/\/shop_images\/addddd_large_de4e9961-ac75-4c6b-8dea-b5b9d1a14ae2.png",
          "prod_security_badge_2": "",
          "prod_security_badge_3": "",
          "prod_security_badge_4": "",
          "collection_name": false,
          "enable_visitor_counter": true,
          "real_time_visitor_before": "Real time shoppers on site",
          "real_time_visitor_after": "stock running low.",
          "visitor_color": "#0887af",
          "max_num_1": "300",
          "min_num_2": "250",
          "enable_timer_counter": false,
          "instock_max": "15",
          "instock_min": "7",
          "max_range": "30",
          "min_range": "10",
          "max_product": "50",
          "maxtime_123": "4",
          "mintime_456": "1",
          "under_timer_text": "Limited Items Selling Fast",
          "under_text_color": "#0079a0",
          "under_timer_text_font_size": "18px",
          "pg_barstyl": "pg-style1",
          "progress_color": "#0079a0",
          "progress_shadow_color": "#d0cfcb",
          "count_styl": "count-style3"
        }
      },
      "cart-template": {
        "type": "cart-template",
        "settings": {
          "cart_notes_enable": true,
          "paypal_enable": true,
          "checkout_first": "Checkout button",
          "checkout_second": "Checkout button",
          "Regular": true,
          "saving": true,
          "cart_page_discount": false,
          "cart_disount_box": "10",
          "cart_order_above_box": "10",
          "discount_code": "SUPERSALE10",
          "check_out_1": false,
          "shipping": "You can edit me and write whatever you want here",
          "checkout_text": false,
          "check_out_1_2": true,
          "header_checkout_color": "#08bda0",
          "header_checkout_fontsize": "20px",
          "related_product_1": true,
          "enable_countdown_1": true,
          "countdown_time": "9",
          "text_count_timer": "Your awesome cart will expire in",
          "timer_color": "#06c193",
          "enable_security_badge_cart": true,
          "prod_security_badge_1_cart": "shopify:\/\/shop_images\/dddd.png",
          "prod_security_badge_2_cart": "",
          "prod_security_badge_3_cart": "",
          "prod_security_badge_4_cart": "",
          "enable_security_badge_cart_2": true,
          "prod_security_badge_1_cart_2": "",
          "prod_security_badge_2_cart_2": "",
          "prod_security_badge_3_cart_2": "",
          "prod_security_badge_4_cart_2": ""
        }
      },
      "related-products": {
        "type": "related-products",
        "settings": {
          "related_heading": "#341e1e",
          "related_product_name": "#060606",
          "related_actual_price": "#1c1c1c",
          "related_Compare": "#1c1c1c",
          "show_related_products": true,
          "related_title": "More Products For You",
          "related_grid_num": "4",
          "related_grid_row": "1"
        }
      },
      "1494465359930": {
        "type": "collection",
        "settings": {
          "title": "You Can Edit ME!",
          "title_font_size": "30px",
          "heading_color": "#10c216",
          "center_title_price": true,
          "center_title_bold": false,
          "hide_section": false,
          "product_title": "#ef5a19",
          "product_title_font": "",
          "product_title_cutthrough": "#067556",
          "product_title_actual1": "#aeda1a",
          "product_title_font_price": "",
          "collection": "cool-phone-gear",
          "grid": "5",
          "rows": "2",
          "show_view_all": true,
          "cta_button_1": "You Can edit me!",
          "cta_link_1": "",
          "background_color_cus_test": "#028153",
          "border_color_cus_tes": "#ffffff",
          "font_color__cus_te": "#00812e",
          "padding_button_1": "12px",
          "padding_button_2": "50px",
          "width_button": "600px",
          "border_button": "12px",
          "font_size_button_1": "30px"
        }
      },
      "1494465672570": {
        "type": "collection",
        "settings": {
          "title": "Some of that good stuff!",
          "title_font_size": "27px",
          "heading_color": "#2d77c7",
          "center_title_price": true,
          "center_title_bold": false,
          "hide_section": false,
          "product_title": "#e66e07",
          "product_title_font": "",
          "product_title_cutthrough": "#0758d5",
          "product_title_actual1": "#029e5f",
          "product_title_font_price": "",
          "collection": "fishing-gear",
          "grid": "3",
          "rows": "2",
          "show_view_all": true,
          "cta_button_1": "click for more gear",
          "cta_link_1": "https:\/\/www.franklinsshop.com\/collections\/fishing-gear",
          "background_color_cus_test": "",
          "border_color_cus_tes": "",
          "font_color__cus_te": "",
          "padding_button_1": "",
          "padding_button_2": "",
          "width_button": "",
          "border_button": "",
          "font_size_button_1": ""
        }
      },
      "1494466252873": {
        "type": "collection-list",
        "blocks": {
          "1494466252873-0": {
            "type": "featured_collection",
            "settings": {
              "collection": "all-over-print"
            }
          },
          "1494466252873-1": {
            "type": "featured_collection",
            "settings": {
              "collection": "cool-phone-gear"
            }
          },
          "1494466252873-2": {
            "type": "featured_collection",
            "settings": {
              "collection": "fishing-gear"
            }
          }
        },
        "block_order": [
          "1494466252873-0",
          "1494466252873-1",
          "1494466252873-2"
        ],
        "settings": {
          "title": "CHeck out our killer collections",
          "font_size_01": "20px",
          "font_color_01": "#0baed7",
          "font_size_02": "",
          "font_size_03": "",
          "font_color_02": "#ffffff",
          "check_box_02": true,
          "For_bold": false,
          "grid": "3"
        }
      },
      "1494487788342": {
        "type": "Testimonial",
        "settings": {
          "heading_final": "WHAT OUR AWESOME CUSTOMERS THINK (can edit me)",
          "heading_color_testi": "#14b54d",
          "heading_size_testi": "30",
          "edit_cust_name_color": "#000000",
          "edit_cust_name_size": "14",
          "edit__name_color": "#000000",
          "edit__name_size": "13",
          "rounnd_square": "square",
          "test_imge_1": "shopify:\/\/shop_images\/franklin_1.png",
          "test_text_1_style_2": "- Franklin Hatchett",
          "test_subtext_1_style_2": "I love my new dog ring! Took about 5 million years to arrive and had asian writing all ovder it but still an amazing product! Franks Shop has awesome products and I highly recommend them.",
          "test_imge_2": "shopify:\/\/shop_images\/franklin_1.png",
          "test_text_1_style_3": "- eCom Turbo",
          "test_subtext_1_style_3": "I love my new dog ring! Took about 5 million years to arrive and had asian writing all ovder it but still an amazing product! Franks Shop has awesome products and I highly recommend them.",
          "test_imge_3": "shopify:\/\/shop_images\/franklin_1.png",
          "test_text_1_style_4": "- Online Samurais",
          "test_subtext_1_style_4": "I love my new dog ring! Took about 5 million years to arrive and had asian writing all ovder it but still an amazing product! Franks Shop has awesome products and I highly recommend them.",
          "testi_hide": false
        }
      },
      "1494488548879": {
        "type": "collection",
        "settings": {
          "title": "Super Hot sellers",
          "title_font_size": "38px",
          "heading_color": "#a92f2f",
          "center_title_price": false,
          "center_title_bold": true,
          "hide_section": false,
          "product_title": "#05528f",
          "product_title_font": "",
          "product_title_cutthrough": "#a92626",
          "product_title_actual1": "#761492",
          "product_title_font_price": "",
          "collection": "hot-sellers",
          "grid": "3",
          "rows": "1",
          "show_view_all": false,
          "cta_button_1": "",
          "cta_link_1": "",
          "background_color_cus_test": "",
          "border_color_cus_tes": "",
          "font_color__cus_te": "",
          "padding_button_1": "",
          "padding_button_2": "",
          "width_button": "",
          "border_button": "",
          "font_size_button_1": ""
        }
      },
      "1494578535683": {
        "type": "collection-slider",
        "settings": {
          "title": "Product slider",
          "title_font_size": "",
          "heading_color": "",
          "hide_section": false,
          "product_title": "#14b85b",
          "product_title_font": "",
          "product_title_cutthrough_one": "#00deb1",
          "product_title_actual1": "#3009f0",
          "product_title_font_price": "",
          "For_bold_pr": false,
          "collection": "fishing-gear",
          "grid": "9",
          "show_view_all": false,
          "cta_button_1": "",
          "cta_link_1": "",
          "background_color_10": "",
          "border_color_10": "",
          "font_color_10": "",
          "padding_button_1": "",
          "padding_button_2": "",
          "width_button": "",
          "border_button": "",
          "font_size_button_1": "",
          "slider_buttons_123": "style_1"
        }
      },
      "1497943034814": {
        "type": "slideshow",
        "blocks": {
          "1497943034814-0": {
            "type": "image",
            "settings": {
              "image": "shopify:\/\/shop_images\/boy_5ec75c90-13f6-4fa2-affc-4ac7d03f7320.jpg",
              "alignment": "top",
              "title": "Test",
              "subheading": "TESTING TESTING TESTING TESTING TESTING TESTING",
              "link": "",
              "button_cus": "testing",
              "link_butt": "shopify:\/\/products\/10-5g-hard-bait-minnow-streak-fishing-lures",
              "button_positiong": "center",
              "button_text": "25",
              "button_color": "#ffffff",
              "button_background_color": "#000000"
            }
          },
          "1502426417052": {
            "type": "image",
            "settings": {
              "image": "shopify:\/\/shop_images\/boy_7c402463-e5f0-44b1-8020-8ccb0be785cb.jpg",
              "alignment": "top",
              "title": "Image slide",
              "subheading": "Tell your brand's story through video and images",
              "link": "",
              "button_cus": "Button dummy",
              "link_butt": "",
              "button_positiong": "center",
              "button_text": "",
              "button_color": "",
              "button_background_color": ""
            }
          }
        },
        "block_order": [
          "1497943034814-0",
          "1502426417052"
        ],
        "settings": {
          "autoplay": false,
          "autoplay_speed": "5000",
          "slideshow_height": "large",
          "text_size": "medium"
        }
      }
    },
    "content_for_index": [
      "1497943034814",
      "1494465359930",
      "1494465672570",
      "1494488548879",
      "1494466252873",
      "1494487788342",
      "1494578535683"
    ]
  },
  "presets": {
    "Default": {
      "sections": {
        "header": {
          "type": "header",
          "settings": {
          }
        },
        "hero": {
          "type": "hero",
          "settings": {
            "text_size": "large"
          }
        },
        "slideshow": {
          "type": "slideshow",
          "blocks": {
            "slideshow-0": {
              "type": "image",
              "settings": {
              }
            },
            "slideshow-1": {
              "type": "image",
              "settings": {
              }
            }
          },
          "block_order": [
            "slideshow-0",
            "slideshow-1"
          ],
          "settings": {
          }
        },
        "featured-collections": {
          "type": "collection",
          "settings": {
            "collection": "frontpage"
          }
        },
        "footer": {
          "type": "footer",
          "settings": {
          }
        }
      },
      "content_for_index": [
        "hero",
        "featured-collections",
        "slideshow"
      ]
    }
  }
}