{"current":{"heading_color":"#222021","text_color":"#616161","accent_color":"#3483fa","link_color":"#3483fa","border_color":"#e8e8e8","background":"#f5f5f5","secondary_background":"#ffffff","error_color":"#cf0e0e","success_color":"#1c7b36","primary_button_background":"#3483fa","primary_button_text_color":"#ffffff","secondary_button_background":"#222021","secondary_button_text_color":"#ffffff","header_background":"#fff159","header_text_color":"#060606","header_light_text_color":"#131313","header_accent_color":"#3483fa","footer_background_color":"#000000","footer_heading_text_color":"#ffffff","footer_body_text_color":"#919191","footer_accent_color":"#3483fa","product_on_sale_accent":"#3483fa","product_in_stock_color":"#1c7b36","product_low_stock_color":"#cf0e0e","product_sold_out_color":"#8a9297","product_label_1_background":"#3f6ab1","product_label_2_background":"#8a44ae","product_star_color":"#ffbd00","base_text_font_size":16,"heading_font":"avenir_next_n7","text_font":"avenir_next_n5","underline_links":true,"animation_image_zoom":true,"search_mode":"product,article","search_unavailable_products":"show","show_vendor":false,"show_secondary_image":false,"show_discount":true,"discount_mode":"saving","product_price_position":"after_title","product_image_size":"tall","show_color_swatch":false,"show_inventory_quantity":false,"low_inventory_threshold":2,"show_reviews_badge":true,"cart_type":"page","cart_empty_button_link":"shopify:\/\/collections\/all","cart_show_checkout_button":false,"cart_show_free_shipping_threshold":false,"cart_free_shipping_threshold":"0","social_facebook":"","social_twitter":"","social_pinterest":"","social_instagram":"","social_vimeo":"","social_tumblr":"","social_youtube":"","social_linkedin":"","social_snapchat":"","social_fancy":"","favicon":"shopify:\/\/shop_images\/LOGO_OBA_OBA_SHOP_5fff8797-8f56-49af-b77a-a9951885d14f.png","checkout_header_image":"","checkout_logo_image":"","checkout_logo_position":"left","checkout_logo_size":"medium","checkout_body_background_image":"","checkout_body_background_color":"#fff","checkout_input_background_color_mode":"white","checkout_sidebar_background_image":"","checkout_sidebar_background_color":"#f5f5f5","checkout_heading_font":"-apple-system, BlinkMacSystemFont, 'Segoe UI', Roboto, Helvetica, Arial, sans-serif, 'Apple Color Emoji', 'Segoe UI Emoji', 'Segoe UI Symbol'","checkout_body_font":"-apple-system, BlinkMacSystemFont, 'Segoe UI', Roboto, Helvetica, Arial, sans-serif, 'Apple Color Emoji', 'Segoe UI Emoji', 'Segoe UI Symbol'","checkout_accent_color":"#3483fa","checkout_button_color":"#3483fa","checkout_error_color":"#ff0000","sections":{"header":{"type":"header","settings":{"enable_sticky_header":false,"logo":"shopify:\/\/shop_images\/LOGO_OBA_OBA_SHOP.png","logo_max_width":140,"mobile_logo_max_width":95,"show_locale_selector":false,"show_currency_selector":false,"navigation_menu":"main-menu","desktop_navigation_layout":"inline","desktop_navigation_open_trigger":"hover","show_navigation_social_media":false,"navigation_phone_number":"","navigation_email":"contato@lojalga.com","show_condensed_search":false,"show_search_filter":false,"search_menu":"","show_search_menu_title":true}},"footer":{"type":"footer","blocks":{"a00c4612-f198-4002-afaf-fb30b36c0ac7":{"type":"links","settings":{"menu":"rodap"}},"2f20711f-b854-4e6a-abab-51039538aff4":{"type":"links","settings":{"menu":"main-menu"}},"1bb32174-fbbd-46dd-8dab-34297d44b47c":{"type":"text","settings":{"title":"DÚVIDAS? FALE CONOSCO!","content":"<p><strong>Horário de Atendimento:<br\/><\/strong>Segunda a Sábado das 09:00 às 18:00<\/p><p><strong>E-mail:<\/strong> contato@obaobashop.com.br<\/p><p><strong>Whatsapp:<\/strong> 37 9999-2252<\/p><p><\/p>"}}},"block_order":["a00c4612-f198-4002-afaf-fb30b36c0ac7","2f20711f-b854-4e6a-abab-51039538aff4","1bb32174-fbbd-46dd-8dab-34297d44b47c"],"settings":{"show_social_media":false,"show_payment_icons":true,"show_locale_selector":false,"show_currency_selector":false,"show_cookie_bar":false,"text":"","accept_button":"Aceitar"}},"slideshow":{"type":"slideshow","blocks":{"slide-0":{"type":"image","settings":{"image":"shopify:\/\/shop_images\/banner.png","show_overlay":true,"overlay_opacity":30,"text_color":"#ffffff","title":"","content":"","content_position":"middle_center","button_background":"#ffffff","button_text_color":"#000000","button_text":"","link":"shopify:\/\/collections\/beleza"}},"bef86794-ca15-45e8-a376-e4d1d93ca7ca":{"type":"image","disabled":true,"settings":{"show_overlay":false,"overlay_opacity":30,"text_color":"#ffffff","title":"Acessórios Pessoais","content":"Clique Aqui","content_position":"middle_center","button_background":"#ffffff","button_text_color":"#000000","button_text":"","link":"shopify:\/\/collections\/braceletes-aneis-e-cordoes"}},"b8df7ff3-17d3-4db2-bce6-e608d8109916":{"type":"image","disabled":true,"settings":{"show_overlay":false,"overlay_opacity":30,"text_color":"#ffffff","title":"Casa & Cozinha","content":"Clique Aqui","content_position":"middle_center","button_background":"#ffffff","button_text_color":"#000000","button_text":"","link":"shopify:\/\/collections\/casa-cozinha"}},"c9ed2785-01fb-4383-b993-ba291e7d130f":{"type":"image","disabled":true,"settings":{"show_overlay":false,"overlay_opacity":30,"text_color":"#ffffff","title":"Eletrônicos","content":"Clique Aqui","content_position":"middle_center","button_background":"#ffffff","button_text_color":"#000000","button_text":"","link":"shopify:\/\/collections\/eletronicos"}},"596488ec-b84a-4279-b7e6-b1be36c23a93":{"type":"image","disabled":true,"settings":{"show_overlay":false,"overlay_opacity":30,"text_color":"#ffffff","title":"Fitness","content":"Clique Aqui","content_position":"middle_center","button_background":"#ffffff","button_text_color":"#000000","button_text":"","link":"shopify:\/\/collections\/fitness"}},"dd51717e-c8e2-4fef-9143-e273fc5a176f":{"type":"image","disabled":true,"settings":{"show_overlay":false,"overlay_opacity":30,"text_color":"#ffffff","title":"Ferramentas","content":"Clique Aqui","content_position":"middle_center","button_background":"#ffffff","button_text_color":"#000000","button_text":"","link":"shopify:\/\/collections\/ferramentas"}}},"block_order":["slide-0","bef86794-ca15-45e8-a376-e4d1d93ca7ca","b8df7ff3-17d3-4db2-bce6-e608d8109916","c9ed2785-01fb-4383-b993-ba291e7d130f","596488ec-b84a-4279-b7e6-b1be36c23a93","dd51717e-c8e2-4fef-9143-e273fc5a176f"],"settings":{"edge_to_edge":true,"section_size":"small","carousel_effect":"slide","autoplay":true,"cycle_speed":3}},"collection-list":{"type":"collection-list","blocks":{"collection-0":{"type":"collection","settings":{"collection":""}},"collection-1":{"type":"collection","settings":{"collection":""}},"collection-2":{"type":"collection","settings":{"collection":""}},"collection-3":{"type":"collection","settings":{"collection":""}},"collection-4":{"type":"collection","settings":{"collection":""}},"collection-5":{"type":"collection","settings":{"collection":""}}},"block_order":["collection-0","collection-1","collection-2","collection-3","collection-4","collection-5"],"settings":{"title":"Our collections","link_title":"View all","link":"shopify:\/\/collections","round_images":true,"show_collection_title":true}},"featured-product":{"type":"featured-product","settings":{"product":"camisa","title":"Produto em destaque","link_title":"","show_vendor":false,"show_sku":false,"show_share_buttons":true,"show_description":true,"description_below_add_to_cart":false,"selector_mode":"block","color_mode":"color","show_quantity_selector":true,"show_reviews_badge":true,"show_payment_button":true,"show_pickup_availability":false,"image_size":"small","enable_image_zoom":true,"enable_video_looping":false,"zoom_effect":"outside","carousel_effect":"fade","show_inventory_quantity":true,"low_inventory_threshold":0}},"collection-template":{"type":"collection-template","settings":{"show_collection_image":true,"collapse_collection_description":false,"collection_image_size":"small","products_per_row":"4","default_products_per_page":24,"default_view_layout":"grid","show_quick_buy":"list","show_quick_view":"list","quick_links":"","quick_links_show_products_count":true,"show_filters":true,"show_filter_color_swatch":true,"filter_type":"tag","open_group_filters_mode":"all_open","filter_group_order":""}},"recently-viewed-products":{"type":"recently-viewed-products","settings":{"title":"Recently viewed"}},"product-template":{"type":"product-template","settings":{"show_vendor":false,"show_sku":false,"show_share_buttons":false,"show_taxes_included":false,"selector_mode":"block","color_mode":"variant_image","show_quantity_selector":true,"show_payment_button":false,"show_pickup_availability":false,"image_size":"large","enable_video_looping":false,"enable_image_zoom":false,"zoom_effect":"outside","carousel_effect":"fade","show_inventory_quantity":false,"low_inventory_threshold":2,"content_display_mode":"show_all_and_expand_description","tab_page_1_handle":"","tab_page_2_handle":"","tab_page_3_handle":"","enable_reviews":true,"show_reviews_badge":true,"trust_title":"Pagamentos seguros","show_payment_icons":true,"custom_security_badge_width":280,"show_shipping_estimator":false,"shipping_estimator_default_country":"Brasil","show_refunds_policy":false}},"product-recommendations":{"type":"product-recommendations","settings":{"show_product_recommendations":true,"heading":"Também podem ser do seu interesse","show_quick_buy":false}},"announcement-bar":{"type":"announcement-bar","settings":{"show_announcement":false,"background":"#222021","text_color":"#ffffff","text":"Frete grátis para todo Brasil","text_position":"center","link":"","show_newsletter":false,"newsletter_button":"Inscreva-se","newsletter_title":"Receba todas as notícias","newsletter_content":"<p>Coloque seu e-mail para receber novidades<\/p>"}},"1542984811767":{"type":"featured-collection","settings":{"collection":"ofertas","title":"Ofertas em Destaque","products_count":12,"layout":"vertical","stack_products":true,"show_quick_buy":true,"link_title":"Ver todos","link_url":""}},"popups":{"type":"popups","settings":{}},"text-with-icons":{"type":"text-with-icons","blocks":{"text-with-icons-0":{"type":"item","settings":{"icon":"bi-fast-delivery","title":"Frete Grátis","content":"<p>Nosso envio é grátis para todo o Brasil e todos os nossos produtos possuem código de rastreio.<\/p>"}},"text-with-icons-1":{"type":"item","settings":{"icon":"bi-returns","title":"Satisfação ou Reembolso","content":"<p>7 dias de garantia para trocas e devoluções de nossos produtos.<\/p>"}},"text-with-icons-2":{"type":"item","settings":{"icon":"bi-customer-support","title":"Suporte Profissional","content":"<p>Equipe de suporte de extrema qualidade para te atender todos os dias da semana.<\/p>"}},"text-with-icons-3":{"type":"item","settings":{"icon":"bi-secure-payment","title":"Promoção de Parcelamento","content":"<p>Parcelamos em até 12x no cartão de crédito e aceitamos boleto bancário.<\/p>"}}},"block_order":["text-with-icons-0","text-with-icons-1","text-with-icons-2","text-with-icons-3"],"settings":{"show_section":true,"stack_mobile":true}},"static-promotion-list":{"type":"static-promotion-list","settings":{"expand_items":false,"section_size":"medium","stack_mobile":false}},"static-recently-viewed-products":{"type":"static-recently-viewed-products","settings":{"show_section":true,"title":"Visualizado recentemente","show_quick_buy":false}},"cart-template":{"type":"cart-template","settings":{"enable_order_notes":false,"show_payment_icons":true,"gift_wrap_product":"","gift_wrap_text":"","gift_wrap_button":"","show_shipping_estimator":false,"shipping_estimator_default_country":"United States","trust_heading":"","upsell_heading":"","upsell_collection":"","upsell_products_count":4}},"list-collections-template":{"type":"list-collections-template","settings":{"collections_to_show":"all","show_collection_title":true,"show_collection_overlay":true,"collection_overlay_opacity":20}},"static-newsletter":{"type":"static-newsletter","settings":{"show_section":false,"title":"Subscribe to our newsletter","content":"<p>A short sentence describing what someone will receive by subscribing<\/p>","subtext":"100% free, Unsubscribe any time!","background":"#1e2d7d","text":"#ffffff"}},"page-contact-template":{"type":"page-contact-template","settings":{"form_heading":"Deixe sua mensagem:","show_store_info":true,"store_heading":"DÚVIDAS? FALE CONOSCO!","store_info":"<p><strong>CNPJ<\/strong>: 34.432.483\/0001-15<strong><br\/>Horário de Atendimento:<\/strong><br\/>Segunda a Domingo das 08:00 às 22:00<br\/><strong>E-mail:<\/strong> contato@lojalga.com<br\/><\/p><p><a href=\"https:\/\/lojalga.com\/pages\/perguntas-frequentes-1\" title=\"https:\/\/lojalga.com\/pages\/perguntas-frequentes-1\">Central de Ajuda<\/a><\/p>"}},"1618971350adc85a53":{"type":"collection-list","disabled":true,"blocks":{"1618971350adc85a53-0":{"type":"collection","settings":{"collection":"smartwatches-relogios","link":""}},"1618971350adc85a53-1":{"type":"collection","settings":{"collection":"casa-cozinha","link":""}},"1618971350adc85a53-2":{"type":"collection","settings":{"collection":"beleza-estetica","link":""}},"1618971350adc85a53-3":{"type":"collection","settings":{"collection":"saude-bem-estar","link":""}},"1618971350adc85a53-4":{"type":"collection","settings":{"collection":"esporte-fitness","link":""}},"1618971350adc85a53-5":{"type":"collection","settings":{"collection":"tecnologia","link":""}},"3f2f4128-464f-403b-8adb-a98570db9e8b":{"type":"collection","settings":{"collection":"pets","link":""}},"b7e5e8c5-af3c-4203-b89d-bc159239b8f0":{"type":"collection","settings":{"collection":"infantil","link":""}}},"block_order":["1618971350adc85a53-0","1618971350adc85a53-1","1618971350adc85a53-2","1618971350adc85a53-3","1618971350adc85a53-4","1618971350adc85a53-5","3f2f4128-464f-403b-8adb-a98570db9e8b","b7e5e8c5-af3c-4203-b89d-bc159239b8f0"],"settings":{"title":"","link_title":"","link":"shopify:\/\/collections","round_images":true,"show_collection_title":true}},"16191202211f27eba4":{"type":"featured-collection","disabled":true,"settings":{"collection":"beleza-estetica","title":"Beleza & Estética","products_count":12,"layout":"vertical","stack_products":false,"show_quick_buy":false,"link_title":"Ver Tudo","link_url":""}},"16191202959ad658ac":{"type":"featured-collection","disabled":true,"settings":{"collection":"esporte-fitness","title":"Esporte & Fitness","products_count":12,"layout":"vertical","stack_products":false,"show_quick_buy":false,"link_title":"Ver Tudo","link_url":""}},"16191314123d18455e":{"type":"featured-collection","disabled":true,"settings":{"collection":"infantil","title":"Infantil","products_count":12,"layout":"vertical","stack_products":false,"show_quick_buy":false,"link_title":"View all","link_url":""}},"16191314493d8e0035":{"type":"featured-collection","disabled":true,"settings":{"collection":"pets","title":"Pets","products_count":12,"layout":"vertical","stack_products":false,"show_quick_buy":false,"link_title":"View all","link_url":""}},"page-faq-template":{"type":"page-faq-template","blocks":{"page-faq-template-0":{"type":"separator","settings":{"title":"Comunicado"}},"page-faq-template-1":{"type":"question","settings":{"title":"Atrasos nos Pedidos","answer":"<p>Devido a atual situação na economia global acarretada pela Coronavírus, nossa logística de entregas para alguns poucos produtos foi afetada por conta da diminuição de operações de nossos parceiros de entrega e transporte de todo o mundo. Desta forma, pedidos realizados entre os meses de fevereiro e março deverão ter atrasos. Infelizmente esta é uma situação que foge de nosso controle, como relatado em nossas Políticas de Envio e Entrega. Mas não se preocupe, estamos fazendo de tudo para que todos os pedidos sejam entregues o quanto antes, e as atuais notícias indicam para o reestabelecimento da economia e volta normal das atividades em breve.<\/p>"}},"page-faq-template-4":{"type":"separator","settings":{"title":"Soluções Frequentes"}},"page-faq-template-5":{"type":"question","settings":{"title":"Em quanto tempo receberei meu pedido?","answer":"<p>Todos os produtos disponíveis na nossa loja são enviados diretamente de nossos fornecedores no exterior (Suiça, Estados Unidos e Ásia) para o endereço informado no momento da compra, e a entrega leva a partir de<em><strong> 7 até 25 dias úteis (em média após a postagem do produto)<\/strong><\/em> a depender da localidade, o envio do produto é efetuado em até 7 dias úteis após a confirmação do pagamento em nosso sistema. Pedidos efetuados através de boleto bancário levam de 1 a 3 dias para confirmação do pagamento em nosso sistema.<\/p><p>Garantimos um código de rastreio para o cliente poder acompanhar o progresso da entrega de seu pedido.<\/p><p><em><strong>Atenção: Em determinados casos esse prazo de entrega pode se estender por mais alguns dias úteis, devido a atrasos, greves, recessos, períodos de grande demanda nos Correios, ou demais situações que fogem ao controle da loja.<\/strong><\/em><\/p><p>A loja garante a entrega do pedido, nos responsabilizamos a restituir o valor integral pago pelos produtos que forem extraviados ou se perderem durante o processo de entrega. Todos os produtos são postados com seguro contra extravio e com rastreamento pela internet gratuito, a entrega de seu produto é 100% garantida.<\/p><p><strong>1.2. Envio segurado<\/strong><\/p><p>Caso o produto atrase e não seja entregue em 70 dias úteis da postagem, nessa data o valor pago será 100% devolvido<\/p><p>Atenção Você poderá receber mais de um pacote, pois seus produtos podem vir de fornecedores diferentes. Então caso receba primeiro um produto e depois outro fique tranquilo pois isso é totalmente normal.<\/p><p><strong>1.3. Rastreamento do Pedido <\/strong><\/p><p>Os produtos serão enviados pelos Correios ou outra transportadora, sempre haverá um Código de Rastreio que possibilitará ao cliente acompanhar o progresso da entrega, a loja se compromete a instruir o cliente para a forma de rastrear os produtos. O código para acesso ao rastreamento será enviado para o seu e-mail assim que estiver disponível para a loja.  O código de rastreamento do pedido é informado de 1 a 5 dias úteis após o pagamento confirmado. O código de rastreamento pode demorar de 2 a 7 dias para começar a constar informações de envio no site dos correios.<\/p>"}},"page-faq-template-6":{"type":"question","settings":{"title":"Quanto tempo demora para efetivação do pagamento?","answer":"<p>Pagamentos realizados no <strong>cartão<\/strong> geralmente são efetivados na mesma hora, mas em alguns casos podem levar até 2 dias úteis.<\/p><p>Já pagamentos realizados por meio de <strong>boleto<\/strong> levam até 3 dias úteis para serem efetivados.<\/p>"}},"page-faq-template-8":{"type":"question","settings":{"title":"Quanto tempo para meu pedido ser despachado e para envio do código de rastreio?","answer":"<p>Temos um prazo de <strong>1-3 dias úteis<\/strong> após a efetivação do pagamento para enviar seu código de rastreio, após receber o código de rastreio por email você pode usa-lo para rastrear seu pedido em ferramentas online de rastreio como 17Track, Muambator e Site dos Correios.<\/p>"}},"9e0ed958-6ef7-4e4d-b8ea-50901603c480":{"type":"question","settings":{"title":"Em quanto tempo as informações começam a aparecer no sistema de rastreamento?","answer":"<p>Pode levar entre <strong>2 e 5 dias úteis <\/strong>após o envio do produto para que informações comecem a aparecer no sistema, portanto não se preocupe caso já tenha recebido seu código de rastreio e ainda não consta uma atualização dentro desse prazo, a transportadora irá atualiza-lo em breve.<\/p>"}},"page-faq-template-7":{"type":"separator","settings":{"title":"Rastreio de Pedido"}},"d93a36b5-6d42-4f40-b73c-997888e84212":{"type":"question","settings":{"title":"Como Rastreio meu Pedido","answer":"<p>Temos um prazo de <strong>1-3 dias úteis<\/strong> após a efetivação do pagamento para enviar seu código de rastreio, após receber o código de rastreio por email você pode usa-lo para rastrear seu pedido em ferramentas online de rastreio como 17Track, Muambator e Site dos Correios.<\/p>"}},"b9f3027b-9dad-43c8-9591-d88a65e601e7":{"type":"question","settings":{"title":"Já recebi meu código de rastreio mas estou com problemas para rastrear meu pedido.","answer":"<p>Pode levar entre <strong>2 e 5 dias úteis <\/strong>após o envio do produto para que informações comecem a aparecer no sistema, portanto não se preocupe caso já tenha recebido seu código de rastreio e ainda não consta uma atualização dentro desse prazo, a transportadora irá atualiza-lo em breve.df<\/p>"}},"1a3c6b9c-782a-42a9-ab60-c9027cf7c88d":{"type":"separator","settings":{"title":"Cancelamentos"}},"d5df132e-daf3-4697-996e-48935f886210":{"type":"question","settings":{"title":"Gostaria de cancelar um pedido que ainda não recebi.","answer":"<p>Assim que o pagamento de seu pedido é confirmado automaticamente começamos o processamento do mesmo, portanto <strong>não é possível cancelar um pedido sem ter recebido o mesmo. <\/strong>Mas não se preocupe, você poderá realizar a troca do seu pedido ou cancelamento por insatisfação do mesmo dentro de 7 dias após recebe-lo, somente lembre-se de seguir nossas diretrizes relatadas em nossa política de devolução e entrar em contato conosco assim que tiver com o produto em mãos.<\/p>"}},"0d0b8e41-bc08-4e7c-a9ba-efd0a57c287d":{"type":"question","settings":{"title":"Gostaria de cancelar\/trocar\/receber um reembolso de um pedido que já recebi.","answer":"<p>Temos uma política de trocas por insatisfação que dura <strong>7 dias<\/strong> contatos a partir do recebimento do produto. Se por acaso você não ficou satisfeito com seu produto, basta seguir todas as diretrizes relatas em nossas políticas de devolução, entrar em contato conosco e nos enviar o produto de volta para receber um novo ou um reembolso.<\/p>"}}},"block_order":["page-faq-template-0","page-faq-template-1","page-faq-template-4","page-faq-template-5","page-faq-template-6","page-faq-template-8","9e0ed958-6ef7-4e4d-b8ea-50901603c480","page-faq-template-7","d93a36b5-6d42-4f40-b73c-997888e84212","b9f3027b-9dad-43c8-9591-d88a65e601e7","1a3c6b9c-782a-42a9-ab60-c9027cf7c88d","d5df132e-daf3-4697-996e-48935f886210","0d0b8e41-bc08-4e7c-a9ba-efd0a57c287d"],"settings":{"show_contact_info":false,"contact_info_heading":"Any question?","contact_info_text":"<p>If we still haven't answered your question, you can contact us below and we will get back to you as soon as possible.<\/p>","contact_1_icon":"bi-phone","contact_1_heading":"Customer support","contact_1_text":"<p>Enter your text here<\/p>","contact_2_icon":"bi-email","contact_2_heading":"Send a message","contact_2_text":"<p>Enter your text here<\/p>"}},"16247254994540e6e4":{"type":"collection-list","disabled":true,"blocks":{"16247254994540e6e4-0":{"type":"collection","settings":{"collection":"frontpage","link":""}},"16247254994540e6e4-1":{"type":"collection","settings":{"collection":"acessorios-de-moda","link":""}},"16247254994540e6e4-2":{"type":"collection","settings":{"collection":"casa-cozinha","link":""}},"16247254994540e6e4-3":{"type":"collection","settings":{"collection":"eletronicos","link":""}},"16247254994540e6e4-4":{"type":"collection","settings":{"collection":"fitness","link":""}},"16247254994540e6e4-5":{"type":"collection","settings":{"collection":"pet","link":""}},"9b59fa36-4f2d-4dc6-b8b8-17c29c18b627":{"type":"collection","settings":{"collection":"saude","link":""}},"64c0feba-c446-4d65-8c70-59f7c8e4bd2d":{"type":"collection","settings":{"collection":"ferramentas","link":""}},"dc33f763-24e5-42f1-882a-91306b1e314d":{"type":"collection","settings":{"collection":"kids","link":""}},"2763b3ae-e830-450f-8c2b-d264124ddf7b":{"type":"collection","settings":{"collection":"automoveis","link":""}},"06dde839-f35a-41b5-9eef-38da9994efb7":{"type":"collection","settings":{"collection":"pescaria","link":""}},"b68a7308-e0d0-493f-b365-8549538bb734":{"type":"collection","settings":{"collection":"relogios","link":""}}},"block_order":["16247254994540e6e4-0","16247254994540e6e4-1","16247254994540e6e4-2","16247254994540e6e4-3","16247254994540e6e4-4","16247254994540e6e4-5","9b59fa36-4f2d-4dc6-b8b8-17c29c18b627","64c0feba-c446-4d65-8c70-59f7c8e4bd2d","dc33f763-24e5-42f1-882a-91306b1e314d","2763b3ae-e830-450f-8c2b-d264124ddf7b","06dde839-f35a-41b5-9eef-38da9994efb7","b68a7308-e0d0-493f-b365-8549538bb734"],"settings":{"title":"Coleções","link_title":"Ver todos","link":"shopify:\/\/collections","round_images":true,"show_collection_title":true}},"162489320419e3bdee":{"type":"recently-viewed-products","disabled":true,"settings":{"title":"Vistos recentemente","show_quick_buy":true}},"162489323816ab8729":{"type":"newsletter","disabled":true,"settings":{"title":"Newsletter","content":"<p>Fique por dentro de todas as novidades em nossa loja! Basta inserir seu email abaixo :)<\/p>"}}},"content_for_index":["slideshow","16247254994540e6e4","1618971350adc85a53","1542984811767","162489320419e3bdee","16191202211f27eba4","16191202959ad658ac","16191314123d18455e","16191314493d8e0035","162489323816ab8729"]},"presets":{"Metal":{"heading_color":"#1e2d7d","text_color":"#677279","accent_color":"#00badb","link_color":"#00badb","border_color":"#e1e3e4","background":"#f3f5f6","secondary_background":"#ffffff","error_color":"#ff0000","success_color":"#00aa00","primary_button_background":"#00badb","primary_button_text_color":"#ffffff","secondary_button_background":"#1e2d7d","secondary_button_text_color":"#ffffff","header_background":"#1e2d7d","header_text_color":"#ffffff","header_light_text_color":"#a3afef","header_accent_color":"#00badb","product_on_sale_accent":"#ee0000","product_in_stock_color":"#008a00","product_low_stock_color":"#ee0000","product_sold_out_color":"#8a9297","product_label_1_background":"#008a00","product_label_2_background":"#00a500","product_star_color":"#ffbd00","footer_background_color":"#f3f5f6","footer_heading_text_color":"#1e2d7d","footer_body_text_color":"#677279","footer_accent_color":"#00badb","base_text_font_size":16,"heading_font":"din_next_n5","text_font":"din_next_n4","underline_links":true,"animation_image_zoom":true,"search_mode":"product,article","show_vendor":true,"show_secondary_image":true,"product_price_position":"after_title","product_image_size":"natural","show_discount":true,"discount_mode":"saving","show_color_swatch":false,"show_inventory_quantity":false,"low_inventory_threshold":0,"show_reviews_badge":false,"cart_type":"drawer","cart_empty_button_link":"shopify:\/\/collections\/all","cart_show_checkout_button":true,"cart_show_free_shipping_threshold":false,"cart_free_shipping_threshold":"50","share_image":"","social_facebook":"","social_twitter":"","social_pinterest":"","social_instagram":"","social_vimeo":"","social_tumblr":"","social_youtube":"","social_linkedin":"","social_snapchat":"","social_fancy":"","favicon":"","checkout_header_image":"","checkout_logo_image":"","checkout_logo_position":"left","checkout_logo_size":"medium","checkout_body_background_image":"","checkout_body_background_color":"#fff","checkout_input_background_color_mode":"white","checkout_sidebar_background_image":"","checkout_sidebar_background_color":"#fafafa","checkout_heading_font":"-apple-system, BlinkMacSystemFont, 'Segoe UI', Roboto, Helvetica, Arial, sans-serif, 'Apple Color Emoji', 'Segoe UI Emoji', 'Segoe UI Symbol'","checkout_body_font":"-apple-system, BlinkMacSystemFont, 'Segoe UI', Roboto, Helvetica, Arial, sans-serif, 'Apple Color Emoji', 'Segoe UI Emoji', 'Segoe UI Symbol'","checkout_accent_color":"#00badb","checkout_button_color":"#00badb","checkout_error_color":"#ff0000","sections":{"header":{"type":"header","settings":{"logo":"","logo_max_width":140,"mobile_logo_max_width":100,"navigation_menu":"main-menu","desktop_navigation_layout":"inline","desktop_navigation_open_trigger":"hover","navigation_phone_number":"Call us 000-000-0000","navigation_email":"info@yourwebsite.com","search_menu":""}},"footer":{"type":"footer","blocks":{"footer-0":{"type":"text","settings":{"title":"About the shop","content":"<p>Use this text area to tell your customers about your brand and vision. You can change it in the theme settings.<\/p>"}},"footer-1":{"type":"links","settings":{"menu":"footer"}},"footer-2":{"type":"newsletter","settings":{"title":"Newsletter","subheading":"<p>A short sentence describing what someone will receive by subscribing<\/p>"}}},"block_order":["footer-0","footer-1","footer-2"],"settings":{"show_social_media":true,"show_payment_icons":true}},"slideshow":{"type":"slideshow","blocks":{"slide-0":{"type":"image","settings":{"image":"","mobile_image":"","text_color":"#ffffff","title":"Tell your story","content":"Tell your story","content_position":"bottomLeft","button_background":"#ffffff","button_text_color":"#000000","button_text":"Button","link":""}},"slide-1":{"type":"image","settings":{"image":"","mobile_image":"","text_color":"#ffffff","title":"Tell your story","content":"Tell your story","content_position":"bottomLeft","button_background":"#ffffff","button_text_color":"#000000","button_text":"Button","link":""}}},"block_order":["slide-0","slide-1"],"settings":{"edge_to_edge":true,"section_size":"preserve_ratio","cycle_speed":5}},"collection-list":{"type":"collection-list","blocks":{"collection-0":{"type":"collection","settings":{"collection":"","image":""}},"collection-1":{"type":"collection","settings":{"collection":"","image":""}},"collection-2":{"type":"collection","settings":{"collection":"","image":""}},"collection-3":{"type":"collection","settings":{"collection":"","image":""}},"collection-4":{"type":"collection","settings":{"collection":"","image":""}},"collection-5":{"type":"collection","settings":{"collection":"","image":""}}},"block_order":["collection-0","collection-1","collection-2","collection-3","collection-4","collection-5"],"settings":{"title":"Our collections","link_title":"View all","link":"shopify:\/\/collections"}},"featured-product":{"type":"featured-product","settings":{"product":"","title":"Featured product","selector_mode":"block","color_mode":"color","low_inventory_threshold":0,"zoom_effect":"outside","carousel_effect":"fade"}},"collection-template":{"type":"collection-template","settings":{"collection_image_size":"small","default_view_layout":"grid","show_quick_view":"list","show_quick_buy":"list","quick_links":"","filter_type":"tag"}},"recently-viewed-products":{"type":"recently-viewed-products","settings":{"title":"Recently viewed"}},"product-template":{"type":"product-template","settings":{"selector_mode":"block","color_mode":"color","low_inventory_threshold":0,"zoom_effect":"outside","carousel_effect":"fade","tab_page_1_handle":"","tab_page_2_handle":"","tab_page_3_handle":"","custom_security_badge":""}},"product-recommendations":{"type":"product-recommendations","settings":{}},"announcement-bar":{"type":"announcement-bar","settings":{"background":"#1e2d7d","text_color":"#ffffff","text":"Announce something here","link":"","newsletter_button":"Subscribe & Save","newsletter_title":"Newsletter","newsletter_content":"<p>A short sentence describing what someone will receive by subscribing<\/p>"}},"1542984811767":{"type":"featured-collection","settings":{"collection":"","title":"Featured collection","products_count":12,"layout":"vertical","link_title":"View all"}},"1542984842027":{"type":"newsletter","settings":{"title":"Newsletter","content":"<p>A short sentence describing what someone will receive by subscribing<\/p>"}},"1542984882560":{"type":"blog-posts","settings":{"blog":"news","title":"Blog posts"}}},"content_for_index":["slideshow","1542984811767","collection-list","1542984842027","featured-product","1542984882560"]},"Wood":{"heading_color":"#3a2a2f","text_color":"#3a2a2f","accent_color":"#ff6128","link_color":"#ff6128","border_color":"#e7e2de","background":"#f7f4f2","secondary_background":"#ffffff","error_color":"#f71b1b","success_color":"#48b448","primary_button_background":"#ff6128","primary_button_text_color":"#ffffff","secondary_button_background":"#3a2a2f","secondary_button_text_color":"#ffffff","header_background":"#3a2a2f","header_text_color":"#ffffff","header_light_text_color":"#e9e2dd","header_accent_color":"#ff6128","product_on_sale_accent":"#ee0000","product_in_stock_color":"#008a00","product_low_stock_color":"#ee0000","product_sold_out_color":"#d1d1d4","product_label_1_background":"#ff6128","product_label_2_background":"#a95ebe","product_star_color":"#ffb647","footer_background_color":"#f7f4f2","footer_heading_text_color":"#3a2a2f","footer_body_text_color":"#3a2a2f","footer_accent_color":"#ff6128","base_text_font_size":15,"heading_font":"itc_avant_garde_gothic_n5","text_font":"basic_commercial_n4","underline_links":true,"animation_image_zoom":true,"search_mode":"product,article,page","show_vendor":true,"show_secondary_image":true,"show_discount":true,"discount_mode":"percentage","product_price_position":"after_title","product_image_size":"square","show_color_swatch":false,"show_inventory_quantity":true,"low_inventory_threshold":1,"show_reviews_badge":false,"cart_type":"drawer","cart_empty_button_link":"shopify:\/\/collections\/all","cart_show_checkout_button":true,"cart_show_free_shipping_threshold":true,"cart_free_shipping_threshold":"50","checkout_logo_position":"center","checkout_logo_size":"medium","checkout_body_background_image":"","checkout_body_background_color":"#fff","checkout_input_background_color_mode":"white","checkout_sidebar_background_image":"","checkout_sidebar_background_color":"#f7f4f2","checkout_heading_font":"-apple-system, BlinkMacSystemFont, 'Segoe UI', Roboto, Helvetica, Arial, sans-serif, 'Apple Color Emoji', 'Segoe UI Emoji', 'Segoe UI Symbol'","checkout_body_font":"-apple-system, BlinkMacSystemFont, 'Segoe UI', Roboto, Helvetica, Arial, sans-serif, 'Apple Color Emoji', 'Segoe UI Emoji', 'Segoe UI Symbol'","checkout_accent_color":"#ff6128","checkout_button_color":"#ff6128","checkout_error_color":"#f71b1b","sections":{"header":{"type":"header","settings":{"logo":"","logo_max_width":140,"mobile_logo_max_width":100,"navigation_menu":"main-menu","desktop_navigation_layout":"inline","desktop_navigation_open_trigger":"hover","navigation_phone_number":"Call us 000-000-0000","navigation_email":"info@yourwebsite.com","search_menu":""}},"footer":{"type":"footer","blocks":{"footer-0":{"type":"text","settings":{"title":"About the shop","content":"<p>Use this text area to tell your customers about your brand and vision. You can change it in the theme settings.<\/p>"}},"footer-1":{"type":"links","settings":{"menu":"footer"}},"footer-2":{"type":"newsletter","settings":{"title":"Newsletter","subheading":"<p>A short sentence describing what someone will receive by subscribing<\/p>"}}},"block_order":["footer-0","footer-1","footer-2"],"settings":{"show_social_media":true,"show_payment_icons":true}},"slideshow":{"type":"slideshow","blocks":{"slide-0":{"type":"image","settings":{"image":"","mobile_image":"","text_color":"#ffffff","title":"Tell your story","content":"Tell your story","content_position":"bottomLeft","button_background":"#ffffff","button_text_color":"#000000","button_text":"Button","link":""}},"slide-1":{"type":"image","settings":{"image":"","mobile_image":"","text_color":"#ffffff","title":"Tell your story","content":"Tell your story","content_position":"bottomLeft","button_background":"#ffffff","button_text_color":"#000000","button_text":"Button","link":""}}},"block_order":["slide-0","slide-1"],"settings":{"edge_to_edge":true,"section_size":"preserve_ratio","cycle_speed":5}},"collection-list":{"type":"collection-list","blocks":{"collection-0":{"type":"collection","settings":{"collection":"","image":""}},"collection-1":{"type":"collection","settings":{"collection":"","image":""}},"collection-2":{"type":"collection","settings":{"collection":"","image":""}},"collection-3":{"type":"collection","settings":{"collection":"","image":""}},"collection-4":{"type":"collection","settings":{"collection":"","image":""}},"collection-5":{"type":"collection","settings":{"collection":"","image":""}}},"block_order":["collection-0","collection-1","collection-2","collection-3","collection-4","collection-5"],"settings":{"title":"Our collections","link_title":"View all","link":"shopify:\/\/collections"}},"collection-template":{"type":"collection-template","settings":{"collection_image_size":"small","default_view_layout":"grid","show_quick_view":"list","show_quick_buy":"list","quick_links":"","filter_type":"tag"}},"recently-viewed-products":{"type":"recently-viewed-products","settings":{"title":"Recently viewed"}},"product-template":{"type":"product-template","settings":{"selector_mode":"block","color_mode":"color","low_inventory_threshold":0,"zoom_effect":"outside","carousel_effect":"fade","tab_page_1_handle":"","tab_page_2_handle":"","tab_page_3_handle":"","custom_security_badge":""}},"product-recommendations":{"type":"product-recommendations","settings":{}},"announcement-bar":{"type":"announcement-bar","settings":{"background":"#3a2a2f","text_color":"#ffffff","text":"Announce something here","link":"","newsletter_button":"Subscribe & Save","newsletter_title":"Newsletter","newsletter_content":"<p>A short sentence describing what someone will receive by subscribing<\/p>"}},"1542984811767":{"type":"featured-collection","settings":{"collection":"","title":"Featured collection","products_count":12,"layout":"vertical","link_title":"View all"}},"1550833441117":{"type":"collection-with-image","settings":{"collection":"","products_count":12,"image":"","background":"#3a2a2f","text_color":"#ffffff","title":"Our best sellers","content":"Shop our most popular products for this season.","button_background":"#e95d2b","button_text_color":"#ffffff","button_text":"Learn more","button_link":""}},"1555314133560":{"type":"promotion-list","blocks":{"1555314133560-0":{"type":"item","settings":{"image":"","show_overlay":false,"stretch_image":false,"background":"#6f42ef","text_color":"#ffffff","title":"Your heading","content":"Tell more about your product, collection...","button_background":"#ffffff","button_text_color":"#6f42ef","button_text":"Learn more","button_link":""}},"1555314133560-1":{"type":"item","settings":{"image":"","show_overlay":false,"stretch_image":false,"background":"#fc2a68","text_color":"#ffffff","title":"Your heading","content":"Tell more about your product, collection...","button_background":"#ffffff","button_text_color":"#fc2a68","button_text":"Learn more","button_link":""}},"1555314133560-2":{"type":"item","settings":{"image":"","show_overlay":false,"stretch_image":false,"background":"#26c1ce","text_color":"#ffffff","title":"Your heading","content":"Tell more about your product, collection...","button_background":"#ffffff","button_text_color":"#26c1ce","button_text":"Learn more","button_link":""}}},"block_order":["1555314133560-0","1555314133560-1","1555314133560-2"],"settings":{"expand_items":false,"section_size":"medium","stack_mobile":false}},"1542984882560":{"type":"blog-posts","settings":{"blog":"news","title":"Blog posts"}}},"content_for_index":["slideshow","1542984811767","1555314133560","collection-list","1550833441117","1542984882560"]},"Fabric":{"heading_color":"#222021","text_color":"#616161","accent_color":"#cb1836","link_color":"#cb1836","border_color":"#e8e8e8","background":"#f5f5f5","secondary_background":"#ffffff","error_color":"#cf0e0e","success_color":"#1c7b36","primary_button_background":"#cb1836","primary_button_text_color":"#ffffff","secondary_button_background":"#222021","secondary_button_text_color":"#ffffff","header_background":"#222021","header_text_color":"#ffffff","header_light_text_color":"#e8e8e8","header_accent_color":"#cb1836","footer_background_color":"#222021","footer_heading_text_color":"#ffffff","footer_body_text_color":"#ffffff","footer_accent_color":"#cb1836","product_on_sale_accent":"#cf0e0e","product_in_stock_color":"#1c7b36","product_low_stock_color":"#cf0e0e","product_sold_out_color":"#8a9297","product_label_1_background":"#3f6ab1","product_label_2_background":"#8a44ae","product_star_color":"#ffbd00","base_text_font_size":16,"heading_font":"avenir_next_n7","text_font":"avenir_next_n5","underline_links":true,"animation_image_zoom":true,"search_mode":"product,article","show_vendor":true,"show_secondary_image":true,"show_discount":true,"discount_mode":"percentage","product_price_position":"before_title","product_image_size":"square","show_color_swatch":true,"show_inventory_quantity":true,"low_inventory_threshold":2,"show_reviews_badge":true,"cart_type":"drawer","cart_empty_button_link":"shopify:\/\/collections\/all","cart_show_checkout_button":true,"cart_show_free_shipping_threshold":true,"cart_free_shipping_threshold":"49","social_facebook":"","social_twitter":"","social_pinterest":"","social_instagram":"","social_vimeo":"","social_tumblr":"","social_youtube":"","social_linkedin":"","social_snapchat":"","social_fancy":"","favicon":"","checkout_header_image":"","checkout_logo_image":"","checkout_logo_position":"left","checkout_logo_size":"medium","checkout_body_background_image":"","checkout_body_background_color":"#fff","checkout_input_background_color_mode":"white","checkout_sidebar_background_image":"","checkout_sidebar_background_color":"#f5f5f5","checkout_heading_font":"-apple-system, BlinkMacSystemFont, 'Segoe UI', Roboto, Helvetica, Arial, sans-serif, 'Apple Color Emoji', 'Segoe UI Emoji', 'Segoe UI Symbol'","checkout_body_font":"-apple-system, BlinkMacSystemFont, 'Segoe UI', Roboto, Helvetica, Arial, sans-serif, 'Apple Color Emoji', 'Segoe UI Emoji', 'Segoe UI Symbol'","checkout_accent_color":"#cb1836","checkout_button_color":"#cb1836","checkout_error_color":"#ff0000","sections":{"header":{"type":"header","settings":{"logo":"","logo_max_width":140,"mobile_logo_max_width":100,"navigation_menu":"main-menu","desktop_navigation_layout":"inline","desktop_navigation_open_trigger":"hover","navigation_phone_number":"Call us 000-000-0000","navigation_email":"info@yourwebsite.com","search_menu":""}},"footer":{"type":"footer","blocks":{"footer-0":{"type":"text","settings":{"title":"About the shop","content":"<p>Use this text area to tell your customers about your brand and vision. You can change it in the theme settings.<\/p>"}},"footer-1":{"type":"links","settings":{"menu":"footer"}},"footer-2":{"type":"newsletter","settings":{"title":"Newsletter","subheading":"<p>A short sentence describing what someone will receive by subscribing<\/p>"}}},"block_order":["footer-0","footer-1","footer-2"],"settings":{"show_social_media":true,"show_payment_icons":true}},"slideshow":{"type":"slideshow","blocks":{"slide-0":{"type":"image","settings":{"image":"","mobile_image":"","text_color":"#ffffff","title":"Tell your story","content":"Tell your story","content_position":"bottomLeft","button_background":"#ffffff","button_text_color":"#000000","button_text":"Button","link":""}},"slide-1":{"type":"image","settings":{"image":"","mobile_image":"","text_color":"#ffffff","title":"Tell your story","content":"Tell your story","content_position":"bottomLeft","button_background":"#ffffff","button_text_color":"#000000","button_text":"Button","link":""}}},"block_order":["slide-0","slide-1"],"settings":{"edge_to_edge":true,"section_size":"preserve_ratio","cycle_speed":5}},"collection-list":{"type":"collection-list","blocks":{"collection-0":{"type":"collection","settings":{"collection":"","image":""}},"collection-1":{"type":"collection","settings":{"collection":"","image":""}},"collection-2":{"type":"collection","settings":{"collection":"","image":""}},"collection-3":{"type":"collection","settings":{"collection":"","image":""}},"collection-4":{"type":"collection","settings":{"collection":"","image":""}},"collection-5":{"type":"collection","settings":{"collection":"","image":""}}},"block_order":["collection-0","collection-1","collection-2","collection-3","collection-4","collection-5"],"settings":{"title":"Our collections","link_title":"View all","link":"shopify:\/\/collections"}},"featured-product":{"type":"featured-product","settings":{"product":"","title":"Featured product","selector_mode":"block","color_mode":"color","low_inventory_threshold":0,"zoom_effect":"outside","carousel_effect":"fade"}},"collection-template":{"type":"collection-template","settings":{"collection_image_size":"small","default_view_layout":"grid","show_quick_view":"list","show_quick_buy":"list","quick_links":"","filter_type":"tag"}},"recently-viewed-products":{"type":"recently-viewed-products","settings":{"title":"Recently viewed"}},"product-template":{"type":"product-template","settings":{"selector_mode":"block","color_mode":"color","low_inventory_threshold":0,"zoom_effect":"outside","carousel_effect":"fade","tab_page_1_handle":"","tab_page_2_handle":"","tab_page_3_handle":"","custom_security_badge":""}},"product-recommendations":{"type":"product-recommendations","settings":{}},"announcement-bar":{"type":"announcement-bar","settings":{"background":"#222021","text_color":"#ffffff","text":"Announce something here","link":"","newsletter_button":"Subscribe & Save","newsletter_title":"Newsletter","newsletter_content":"<p>A short sentence describing what someone will receive by subscribing<\/p>"}},"1542984811767":{"type":"featured-collection","settings":{"collection":"","title":"Featured collection","products_count":12,"layout":"vertical","link_title":"View all"}},"1542984842027":{"type":"newsletter","settings":{"title":"Newsletter","content":"<p>A short sentence describing what someone will receive by subscribing<\/p>"}},"1542984882560":{"type":"blog-posts","settings":{"blog":"news","title":"Blog posts"}}},"content_for_index":["slideshow","1542984811767","collection-list","1542984842027","featured-product","1542984882560"]}}}