{"current":{"layout_body":"default","bg_body_boxed":"#f8f8f8","header_layout":"default","list_collections_layout":"collections_01_grid","category_layout":"default","product_layout":"default","blog_layout":"default","footer_layout":"default","enable_multilang":false,"lange_1":"ENG","lange_2":"GER","display_sticky":false,"display_sticky_mb":false,"display_countdown":false,"bg_sticky":"#fff","color_sticky":"#3c3c3c","color_variants":"#646464","social_facebook_link":"http:\/\/facebook.com\/domotaviooficial","social_twitter_link":"","social_vimeo_link":"","social_instagram_link":"http:\/\/instagram.com\/domotaviooficial","social_google_plus_link":"","social_pinterest_link":"","social_tumblr_link":"","social_snapchat_link":"","social_youtube_link":"","bg_menu_mb":"#fff","color_menu_mb":"#232323","border_color_menu_mb":"#ebebeb","color_menu_mb_lv1":"#232323","color_menu_mb_lv1_hover":"#0688e2","bg_color_menu_mb_lv1_hover":"#f8f8f8","color_menu_mb_lv2":"#232323","color_menu_mb_lv2_hover":"#232323","color_menu_mb_lv3":"#3c3c3c","color_menu_mb_lv3_hover":"#0688e2","favicon":"shopify:\/\/shop_images\/Fivecon_Dom_Otavio.png","body_font_size":"12","body_bg":"#ffffff","body_color":"#3c3c3c","link_color":"#0688e2","link_color_hover":"#232323","display_breadcrumb":false,"breadcrumb_color":"#999999","breadcrumb_text_transform":"capitalize","page_title_font_size":"20","page_title_color":"#232323","page_title_text_align":"left","enable_sidebar_multiple_choice":false,"product_name_text_transform":"none","product_name_text_align":"center","color_title_product":"#232323","color_title_product_hover":"#232323","color_vendor":"#232323","sale_text":"#fff","bg_sale":"#e95144","custom_label_text":"#fff","custom_label_bg":"#323232","sold_out_text":"#fff","bg_sold_out":"#c1c1c1","color_price":"#232323","color_price_sale":"#e95144","color_compare_price":"#969696","color_quick_view":"#ffffff","bg_quick_view":"#000000","color_wishlist":"#232323","bg_wishlist":"#ffe5e5","enable_hover_image":false,"use_color_swatch":true,"color_swatch_style":"variant","btn_1_bg_color":"#68b900","btn_1_border_color":"#232323","btn_1_text_color":"#ffffff","btn_2_bg_color":"#fff","btn_2_border_color":"#232323","btn_2_text_color":"#232323","btn_3_bg_color":"#63cd00","btn_3_border_color":"#63cd00","btn_3_text_color":"#ffffff","display_popup_newsletter":false,"newsletter":"","popup_newsletter_title":"Join Our Mailing List","popup_newsletter_des":"Sign Up for exclusive updates,  <br>new arrivals & insider-only discounts","popup_newsletter_text_note":"No, thanks","display_popup_social":false,"enable_wishlist":false,"image_swap":true,"product_image_border":false,"product_image_border_color":"#e6e6e6","product_image_resize":true,"product_image_crop":false,"product_image_height":"130","show_vendor":false,"display_product_reviews":false,"display_item_size":false,"display_item_swatch":false,"display_button":false,"collection_infinite_scrolling":true,"infinity_scroll_feature":true,"enable_quick_view":false,"qv_display_product_reviews":false,"qv_show_sold_in":false,"qv_item_prd":"3,5,6,7,8,10,12,15","qv_item_prds":"sold in last","qv_hours_prs":"10,15,16,17,18,20,25,35","qv_item_hours":"hours","display_quickview_vendor":false,"quickview_text_vendor":"Brand:","display_quickview_product_sku":false,"text_quickview_product_sku":"Product Code:","display_quickview_availability":false,"quickview_text_availability":"Availability","display_quickview_product_type":false,"quickview_text_product_type":"Product Type","quickview_text_countdown":"Limited-Time Offers, End in:","display_quickview_short_desc":false,"display_quickview_subtotal":false,"dpl_customers_view_qv":false,"title_view_qv":"customers are viewing this product","number_view_qv":"283, 100, 59, 11, 14, 185, 193, 165, 50, 38, 99, 112, 46, 10, 125, 200, 250, 18","display_product_detail_share":false,"display_size_chart":false,"display_size_chart_at":"","size_guide_text":"","custom_size_chart_header":"","size_chart":"none","custom_size_chart":"","enable_ask_an_expert":false,"ask_an_expert":"<i class=\"fa fa-question-circle\"><\/i><span class=\"text\">Have Questions?<\/span><a href=\"javascript:void(0)\" title=\"Ask An Expert\">Ask An Expert<\/a>","ask_an_expert_header":"Have Questions?","ask_an_expert_title":"Ask the Fashion Expert anything on Ella Boutique","ask_an_expert_des":"We will follow up with you via email within 24-36 hours","ask_an_expert_questions":"Please answer the following questionnaire","enable_ask_do_you_need":true,"ask_do_you_need":"Do You Need:","ask_do_you_need_1":"Pricing","ask_do_you_need_2":"Answers","ask_do_you_need_3":"Both","ask_form_mess":"What can i help you with today ?","enable_how_would_you_like_me_to_contact_you":true,"how_would_you_like_me_to_contact_you":"How would you like me to contact you?","contact_with_you_1":"Phone","contact_with_you_2":"Email","contact_with_you_3":"Both","ajax_popup_cart":"none","cart_popup_related_title":"Você também pode gostar:","secure_text":"","img_trust":"","show_shipping_calculator":false,"shipping_calculator_heading":"Get shipping estimates | Holen Versand Schätzungen","shipping_calculator_default_country":"United States","register_text_desc":"Registre-se","login_text_desc":"Faça seu login","search_1":"","search_2":"","search_3":"","search_4":"","enable_search_trending":false,"trending_search_title":"trending","trending_search_item_1":"dempus","trending_search_item_2":"sample","trending_search_item_3":"magnis","trending_search_item_4":"loremous saliduar","trending_search_item_5":"naminos","trending_search_item_6":"dinterdum","enable_search_popular_products":false,"popular_products_search_title":"Popular Products","popular_products_collection":"","popular_products_limit":3,"enable_multiple_currencies":false,"currency_1_unit":"USD","currency_2_unit":"EUR","currency_3_unit":"GBP","currency_4_unit":"CHF","font":"google_fonts","fonts_name":"Poppins","checkout_header_image":"","checkout_logo_image":"shopify:\/\/shop_images\/Logo-site_Dom_Otavio.png","checkout_logo_position":"left","checkout_logo_size":"medium","checkout_body_background_image":"","checkout_body_background_color":"#ffffff","checkout_input_background_color_mode":"white","checkout_sidebar_background_image":"","checkout_sidebar_background_color":"#fafafa","checkout_heading_font":"Helvetica Neue","checkout_body_font":"Helvetica Neue","checkout_accent_color":"#2d2d2d","checkout_button_color":"#000000","checkout_error_color":"#ff6d6d","mailing_list_form_action":"\/\/myshopify.us9.list-manage.com\/subscribe\/post?u=f03cabb421b3912425cda25cc&amp;id=2b084b0139","checkout_use_header_image":true,"checkout_logo":"checkout_logo.png","checkout_use_body_background_image":false,"checkout_use_sidebar_background_image":false,"checkout_banner_background_color":"#ffffff","checkout_headline":"","checkout_call_to_action_color":"#000000","customer_layout":"theme","search_placeholder":"Suche | search","sections":{"navigation":{"type":"navigation","settings":{"display_fixtop_menu":true,"logo_fix":"","alignment":"center","bg_menu":"#232323","bg_dropdown_menu":"#fff","color_menu_lv1":"#ffffff","hover_color_mnu_lv1":"#ffffff","font_size_mnu_lv1":"13px","color_menu_lv2":"#232323","hover_color_mnu_lv2":"#232323","font_size_mnu_lv2":"12px","color_menu_lv3":"#3c3c3c","hover_color_mnu_lv3":"#0688e2","font_size_mnu_lv3":"12px","enable_sale":false,"lb_sale":"Promoção","sale_item":"","bg_lb_sale":"#ef6454","color_lb_sale":"#fff","enable_new":false,"lb_new":"New","new_item":"Demo","bg_lb_new":"#06bfe2","color_lb_new":"#fff","enable_hot":false,"lb_hot":"Hot","hot_item":"Shop Instagram","bg_lb_hot":"#ffbb49","color_lb_hot":"#fff","display_megamenu":false}},"footer":{"type":"footer","blocks":{"1541579674639":{"type":"footer_link","settings":{"footer_title":"Informações","footer_linklist":"categorias"}},"1541579687499":{"type":"footer_link","settings":{"footer_title":"Serviço ao Cliente","footer_linklist":"footer"}}},"block_order":["1541579674639","1541579687499"],"settings":{"bg_footer_img":"none","bg_footer_color":"#232323","bg_footer_position_x":"left","bg_footer_position_y":"top","bg_footer_repeat":"repeat","bg_footer_attachment":"scroll","bg-footer-img":"","footer_title_color":"#ffffff","footer_link_color":"#969696","footer_link_hover_color":"#ffffff","bg_footer_line_color":"#3b3b3b","footer_newsletter_enable":false,"footer_newsletter_title":"Sign up for our Newsletter","footer_newsletter_des":"","bg_newsletter_color":"rgba(0,0,0,0)","newsletter_color":"#717171","newsletter_border_color":"#3b3b3b","bg_newsletter_button_color":"#3b3b3b","newsletter_button_color":"#fff","footer_social_enable":true,"footer_social_title":"Nos acompanhe nas redes sociais","fb_like_code_text":"","fb_like_code":"","social_icon_color":"#141414","social_icon_bg_color":"#fff","bg_footer_bottom_color":"#232323","footer_bottom_color":"#969696","footer_address_code":"© 2018 Dom Otávio - Todos os direitos reservados.","show_payment_icons":true,"payment_display_visa":true,"payment_display_visa_electron":true,"payment_display_american_express":true,"payment_display_master":true,"payment_display_maestro":true,"payment_display_solo":true,"payment_display_paypal":false,"payment_display_amazon_payments":false,"payment_display_apple_pay":false,"payment_display_bitcoin":false,"payment_display_cirrus":false,"payment_display_dankort":false,"payment_display_diners_club":false,"payment_display_discover":false,"payment_display_dogecoin":false,"payment_display_dwolla":false,"payment_display_forbrugsforeningen":false,"payment_display_interac":false,"payment_display_jcb":false,"payment_display_litecoin":false,"payment_display_stripe":false,"payment_display_sage":false,"payment_display_wallet":false,"icon_visa":"shopify:\/\/shop_images\/Cielo_Vicentte_3.jpg","icon_visa_electron":"shopify:\/\/shop_images\/visa_Vicentte.png","icon_master":"shopify:\/\/shop_images\/Master.png","icon_american_express":"shopify:\/\/shop_images\/elo_Vicentte_2.png","icon_maestro":"shopify:\/\/shop_images\/American_1.jpg","icon_solo":"shopify:\/\/shop_images\/Boleto.png","icon_paypal":"","icon_amazon_payments":"","icon_apple_pay":"","icon_bitcoin":"","icon_cirrus":"","icon_dankort":"","icon_diners_club":"","icon_discover":"","icon_dogecoin":"","icon_dwolla":"","icon_forbrugsforeningen":"","icon_interac":"","icon_jcb":"","icon_litecoin":"","icon_stripe":"","icon_sage":"","icon_wallet":""}},"recently-viewed-products":{"type":"recently-viewed-products","settings":{"display_recently_viewed_products":true,"recently_viewed_products_title":"Produtos que você viu recentemente:","number_of_recently_viewed_products":"10"}},"blog-template":{"type":"blog-template","settings":{"blog_post":"3","blog_text_align":"left","blog_show_author":true,"blog_show_date":true}},"contact-template":{"type":"contact-template","settings":{"display_google_map":false,"google_map_code":"","contact_title":"Teremos um enorme prazer em lhe ajudar!","contact_text_desc":"","contact_your_name":"","contact_phone_number":"","contact_your_email":"","display_location":false,"location_code":""}},"lookbook":{"type":"lookbook","blocks":{"1489975455753":{"type":"image","settings":{"dpl_slide_img":true,"image_slide":"","alignment":"left","heading":"","font_size_heading":"40px","color_heading":"#232323","slide-des":"","font_size_des":"12px","color_des":"#232323","button_slide":"","link":"","bg_button":"#232323","border_button":"#232323","color_button":"#fff","lb_product_1":"","top_position_1":"41","left_position_1":"55","dots_color_1":"#fff","dots_bg_color_1":"#323232","dots_shadow_color_1":"#323232","lb_product_2":"","top_position_2":"10","left_position_2":"10","dots_color_2":"#fff","dots_bg_color_2":"#323232","dots_shadow_color_2":"#fff","lb_product_3":"","top_position_3":"10","left_position_3":"10","dots_color_3":"#fff","dots_bg_color_3":"#323232","dots_shadow_color_3":"#fff"}},"1489975477125":{"type":"image","settings":{"dpl_slide_img":true,"image_slide":"","alignment":"left","heading":"","font_size_heading":"40px","color_heading":"#232323","slide-des":"","font_size_des":"12px","color_des":"#232323","button_slide":"","link":"","bg_button":"#232323","border_button":"#232323","color_button":"#fff","lb_product_1":"","top_position_1":"34","left_position_1":"19","dots_color_1":"#fff","dots_bg_color_1":"#323232","dots_shadow_color_1":"#323232","lb_product_2":"","top_position_2":"81","left_position_2":"48","dots_color_2":"#fff","dots_bg_color_2":"#323232","dots_shadow_color_2":"#323232","lb_product_3":"","top_position_3":"10","left_position_3":"10","dots_color_3":"#fff","dots_bg_color_3":"#323232","dots_shadow_color_3":"#fff"}},"1532404848065":{"type":"image","settings":{"dpl_slide_img":true,"image_slide":"","alignment":"left","heading":"","font_size_heading":"40px","color_heading":"#232323","slide-des":"","font_size_des":"12px","color_des":"#232323","button_slide":"","link":"","bg_button":"#232323","border_button":"#232323","color_button":"#fff","lb_product_1":"","top_position_1":"28","left_position_1":"33.5","dots_color_1":"#fff","dots_bg_color_1":"#323232","dots_shadow_color_1":"#323232","lb_product_2":"","top_position_2":"84","left_position_2":"40","dots_color_2":"#fff","dots_bg_color_2":"#323232","dots_shadow_color_2":"#323232","lb_product_3":"","top_position_3":"10","left_position_3":"10","dots_color_3":"#fff","dots_bg_color_3":"#323232","dots_shadow_color_3":"#fff"}}},"block_order":["1489975455753","1489975477125","1532404848065"],"settings":{"display_product_detail_share":true,"share_text":"Share","button":"Shop LookBook","link":"shopify:\/\/collections\/all","autoplay":false,"speed":"5000","transition":"true","arrow_color":"#727272","arrow_border_color":"#d3d3d3","arrow_bg_color":"#ffffff","position_slick_arrow":"-35px"}},"cart-template":{"type":"cart-template","settings":{"cart_notes":false}},"faq-page":{"type":"faq-page","blocks":{"1507878888245":{"type":"text","settings":{"question_faqs":"Will your template be fully compatible with Shopify?","answer_faqs":"Yes it is."}},"1507879452149":{"type":"text","settings":{"question_faqs":"I cannot upload the theme to my Shopify store \/ Shopify alerts that the file is too big to upload, what is the problem?","answer_faqs":"<p>Please make sure that you follow below steps:<\/p>\n\n<p>1\/ Download the package from themeforest.net (the file is in zip format)\n<br>\n<br>\n2\/ Extract the file you've just downloaded.\n<br>\n<br>\n3\/ Find this file: ella-3.0.0-sections-ready.zip in the folder Ella Sections Ready 3.0.0, then you just need to upload ella-3.0.0-sections-ready.zip file to your Shopify store.\n<\/p>"}},"1507879511326":{"type":"text","settings":{"question_faqs":"What I have to do when I need your support?","answer_faqs":"<p>To save your time and reach our support quickly, please follow below steps:\n<\/p><p>1\/ Create a staff account for us (with Themes permission and Settings permission) <a href=\"http:\/\/docs.shopify.com\/manual\/settings\/account\/staff-members\" target=\"_blank\" style=\"color: #e66f65;\" rel=\"noopener noreferrer\">http:\/\/docs.shopify.com\/manual\/settings\/account\/staff-members<\/a><\/p>\n<p>2\/ Capture screenshot or video for the issue you get.<\/p>\n<p>3\/ Specify which template and version you are using.<\/p>\n<p>4\/ Describe clearly how to reproduce the issue.<\/p>\n<p>5\/ Send all information (staff account, screenshot, video, template name and version, description of the issues, link) to <a href=\"mailto:support@halothemes.com\" target=\"_blank\" style=\"color: #e66f65;\" rel=\"noopener noreferrer\">support@halothemes.com<\/a><\/p>\n<p><\/p>"}},"1507879518615":{"type":"text","settings":{"question_faqs":"Would assistance be available to upload the template if needed?","answer_faqs":"Yes, we will assist you to install the template if needed"}},"1507879528740":{"type":"text","settings":{"question_faqs":"Do you guys offer customisation services for your themes?","answer_faqs":"Yes, we do. Please send your customisation requests to support@halothemes.com, we will give you our quote. Thank you."}},"1507879543697":{"type":"text","settings":{"question_faqs":"Can I turn on\/off Lazy Loading Image \/ Item Animation \/ Fade Up on the page?","answer_faqs":"Yes. You can turn on\/off the animation in the Setting page."}},"1507879557094":{"type":"text","settings":{"question_faqs":"Can I turn on\/off some blocks on the page?","answer_faqs":"Yes. You can turn on\/off almost any blocks on the page (featured products, slideshow, banners, related products, recent products,...)."}},"1507879567640":{"type":"text","settings":{"question_faqs":"I want to have the dropdown cart displayed automatically every time clients hover over it (instead of clicking on it). Is it possible?","answer_faqs":"Yes, we have a setting for you to switch between these two options: Display on Hover and Display on Click."}},"1507879577808":{"type":"text","settings":{"question_faqs":"What is included in the theme package?","answer_faqs":"The theme package includes theme source, Photoshop design files, sample data and manual guide."}},"1507879582861":{"type":"text","settings":{"question_faqs":"I notice that the images used in the theme are all portrait. Will that be a problem if I use square images for our products? How will they be displayed in the theme?","answer_faqs":"That is not a problem. You just need to modify the width\/height ratio in theme settings."}},"1507879597073":{"type":"text","settings":{"question_faqs":"Does the theme support image resizing and cropping?","answer_faqs":"Yes. Normally, the theme will resize images to a default size (based on your width\/height ratio setting). We also have Crop setting if you don’t want to scale the image."}},"1507879608326":{"type":"text","settings":{"question_faqs":"Can I add borders around our product images?","answer_faqs":"Yes, you can. You can also set image border colours."}},"1507879613494":{"type":"text","settings":{"question_faqs":"Can I have multi level menu?","answer_faqs":"Yes, you can. Just simply follow the instructions in our Manual Guide, you will be able to easily create a multi-level menu."}},"1507879626512":{"type":"text","settings":{"question_faqs":"Do you guys provide customer support during weekends \/ holidays?","answer_faqs":"Normally we don't provide support during weekends, except for urgent cases. In these cases, you only need to mark “Urgent” in your email, we will get back to you ASAP."}},"1507879632829":{"type":"text","settings":{"question_faqs":"Does the theme support Variant Image?","answer_faqs":"Yes, it does. Please check it out here to see how it works: <a href=\"https:\/\/sneake-demo.myshopify.com\/products\/sample-proin-de-corper-nulla-dan-melementum-1?variant=10214763888684\">https:\/\/sneake-demo.myshopify.com\/products\/sample-proin-de-corper-nulla-dan-melementum-1?variant=10214763888684<\/a>"}}},"block_order":["1507878888245","1507879452149","1507879511326","1507879518615","1507879528740","1507879543697","1507879557094","1507879567640","1507879577808","1507879582861","1507879597073","1507879608326","1507879613494","1507879626512","1507879632829"],"settings":{"des_faqs":"Below FAQ are some common concerns of our clients before purchasing the theme, if you have other questions, please just send it to <a href=\"mailto:support@halothemes.com\" target=\"_blank\">support@halothemes.com<\/a>","contact_text":"Unable to find satisfactory answers ?","contact_link_text":"Contact Support","contact_link":"shopify:\/\/pages\/contact-us","icon_faqs":"Question","bg_icon_qs":"#ef6454","color_icon_qs":"#ffffff","bg_question":"#fafafa","color_question":"#323232","font_size_qs":"12","bg_question_acitve":"#232323","color_question_acitve":"#ffffff","icon_answer":"Answer","bg_icon_answer":"#69c69c","color_icon_answer":"#ffffff","color_question_answer":"#3c3c3c","font_size_answer":"12","color_question_link":"#0688e2"}},"list-collections-template":{"type":"list-collections-template","blocks":{"1543214716857":{"type":"collection","settings":{"image":"","collection":""}},"1543214733702":{"type":"collection","settings":{"image":"","collection":""}},"1543214800120":{"type":"collection","settings":{"image":"","collection":""}},"1543214818887":{"type":"collection","settings":{"image":"","collection":""}},"1543214834303":{"type":"collection","settings":{"image":"","collection":""}},"1543214844672":{"type":"collection","settings":{"image":"","collection":""}},"1543214860592":{"type":"collection","settings":{"image":"","collection":""}},"1543214872428":{"type":"collection","settings":{"image":"","collection":""}},"1543214881800":{"type":"collection","settings":{"image":"","collection":""}}},"block_order":["1543214716857","1543214733702","1543214800120","1543214818887","1543214834303","1543214844672","1543214860592","1543214872428","1543214881800"],"settings":{"list_collection_results_per_row":"3","list_collection_title_size":"20","style_categories":"style_little"}},"sidebar-section":{"type":"sidebar-section","blocks":{"1543314984589":{"type":"menu","settings":{"enable":false,"title":"Categories","style_categories":"style_little","link_list":""}},"1543315002517":{"type":"product","settings":{"enable":false,"title":"Featured Products","collection":"","limit":"3"}},"1543315033286":{"type":"image","settings":{"enable":false,"image":"","link":""}},"1543315049567":{"type":"image","settings":{"enable":false,"image":"","link":"shopify:\/\/collections\/blaz-ro"}},"1543315088462":{"type":"quote","settings":{"enable":false,"title":"Custom Block","quote":"<p>Custom CMS block displayed at the left sidebar on the Catalog Page. Put your own content here: text, html, images, media... whatever you like.<\/p>\n<p>There are many similar sample content placeholders across the store. All editable from admin panel.<\/p>"}}},"block_order":["1543314984589","1543315002517","1543315033286","1543315049567","1543315088462"],"settings":{"display_sidebar":false,"show_sidebar":"left"}},"collection-template-default":{"type":"collection-template-default","settings":{"display_collection_image":false,"collection_image":"","display_collection_des":false,"limited_view":true,"sort_enable":true,"collection_results_per_row":"4","collection_results_per_page":"24"}},"sidebar-filter":{"type":"sidebar-filter","settings":{"display_sidebar":false,"show_sidebar":"left","enable_categories":false,"title_categories":"Categories | Categories","style_categories":"style_little","link_list":"","enable_product":false,"title_product":"Featured Products | Featured Products","collection":"","limit":"5","enable_img_1":false,"image_img_1":"","link_img_1":"","enable_img_2":false,"image_img_2":"","link_img_2":"","enable_custom_block":false,"title_custom_block":"Custom Block | Custom Block","quote_custom_block":"<p>Custom CMS block displayed at the left sidebar on the Catalog Page. Put your own content here: text, html, images, media... whatever you like.<\/p>\n<p>There are many similar sample content placeholders across the store. All editable from admin panel.<\/p>"}},"product-template-default":{"type":"product-template-default","settings":{"style_moreview":"horizontal","video_product":true,"video_product_icon":"#c1c1c1","enable_payment_button":false,"show_sold_in":true,"item_prd":"3,5,6,7,8,10,12,15","item_prds":"vendidos nas últimas","hours_prs":"10,15,16,17,18,20,25,35","item_hours":"horas","display_vendor":false,"text_vendor":"Brand:","display_product_sku":false,"text_product_sku":"Product Code:","display_availability":false,"text_availability":"Availability:","display_product_type":false,"text_product_type":"Product Type:","countdown":"countdown_1","text_countdown":"Limited-Time Offers, End in:","progressbar_1":"Please hurry, only","progressbar_2":"left in stock","total_items":"100","min_items_left":"15","max_items_left":"50","progressbar_color":"#f5f5f5","progressbar_active_color":"#69c69c","dpl_customers_view":false,"title_view":"clientes estão vendo essa página","number_view":"100, 59, 11, 14, 185, 193, 165, 50, 38, 99, 112, 46, 10, 18","show_desc":"no-show","display_subtotal":false,"display_product_detail_tag":false,"display_product_detail_share":false,"share_text":"Share","display_trust_img":true,"show_tab":"horizontal","display_product_detail_description":true,"product_description_title":"Descrição","display_product_reviews":false,"product_review_title":"Customer Reviews","display_shipping_returns":false,"shipping_returns_title":"Shipping & Returns","shipping_returns_content":"<h4>RETURNS POLICY<\/h4>\n<p>Lorem ipsum dolor sit amet, consectetur adipiscing elit. Morbi ut blandit risus. Donec mollis nec tellus et rutrum. Orci varius natoque penatibus et magnis dis parturient montes, nascetur ridiculus mus. Ut consequat quam a purus faucibus scelerisque. Mauris ac dui ante. Pellentesque congue porttitor tempus. Donec sodales dapibus urna sed dictum. Duis congue posuere libero, a aliquam est porta quis.<\/p>\n<p>\nDonec ullamcorper magna enim, vitae fermentum turpis elementum quis. Interdum et malesuada fames ac ante ipsum primis in faucibus. <\/p>\n<p>\nCurabitur vel sem mi. Proin in lobortis ipsum. Aliquam rutrum tempor ex ac rutrum. Maecenas nunc nulla, placerat at eleifend in, viverra etos sem. Nam sagittis lacus metus, dignissim blandit magna euismod eget. Suspendisse a nisl lacus. Phasellus eget augue tincidunt, sollicitudin lectus sed, convallis desto. Pellentesque vitae dui lacinia, venenatis erat sit amet, fringilla felis. Nullam maximus nisi nec mi facilisis.<\/p>\n<h4>SHIPPING<\/h4>\n<p>Lorem ipsum dolor sit amet, consectetur adipiscing elit. Morbi ut blandit risus. Donec mollis nec tellus et rutrum. Orci varius natoque penatibus et magnis dis parturient montes, nascetur ridiculus mus. Ut consequat quam a purus faucibus scelerisque. Mauris ac dui ante. Pellentesque congue porttitor tempus. Donec sodales dapibus urna sed dictum. Duis congue posuere libero, a aliquam est porta quis.<\/p>\n<p>\nDonec ullamcorper magna enim, vitae fermentum turpis elementum quis. Interdum et malesuada fames ac ante ipsum primis in faucibus. <\/p>\n<p>\nCurabitur vel sem mi. Proin in lobortis ipsum. Aliquam rutrum tempor ex ac rutrum. Maecenas nunc nulla, placerat at eleifend in, viverra etos sem. Nam sagittis lacus metus, dignissim blandit magna euismod eget. Suspendisse a nisl lacus. Phasellus eget augue tincidunt, sollicitudin lectus sed, convallis desto. Pellentesque vitae dui lacinia, venenatis erat sit amet, fringilla felis. Nullam maximus nisi nec mi facilisis.<\/p>","display_custom_tab":false,"custom_tab_title":"Custom Product Tab","display_related_products":true,"related_products_title":"Você também pode gostar:","number_of_related_products":"10","dpl_lookbook_description":false,"style_lookbook_description":"all_product","quote_title":"Sample Block Quote","quote_des":"Praesent vestibulum congue tellus at fringilla. Curabitur vitae semper sem, eu convallis est. Cras felis nunc commodo loremous convallis vitae interdum non nisl. Maecenas ac est sit amet augue pharetra convallis nec danos.","quote_title_2":"Sample Paragraph Text","quote_des_2":"<p>\nPraesent vestibulum congue tellus at fringilla. Curabitur vitae semper sem, eu convallis est. Cras felis nunc commodo eu convallis vitae interdum non nisl. Maecenas ac est sit amet augue pharetra convallis nec danos dui.\n<\/p>\n<p>\nCras suscipit quam et turpis eleifend vitae malesuada magna congue. Damus id ullamcorper neque. Sed vitae mi a mi pretium aliquet ac sed elitos. Pellentesque nulla eros accumsan quis justo at tincidunt lobortis denimes loremous. Suspendisse vestibulum lectus in lectus volutpat, ut dapibus purus pulvinar. Vestibulum sit amet auctor ipsum.\n<\/p>","dpl_gallery_lookbook":false,"style_lookbook_gallery":"all_product"}},"cart-best-sellers":{"type":"cart-best-sellers","settings":{"show_cart_best_sellers_product":false,"title":"Best Sellers","show_slider_featured_collection":"","slider_featured_limit_all":10,"collection_results_per_row1":"5"}},"sidebar-blog":{"type":"sidebar-blog","blocks":{"1546400179484":{"type":"product","settings":{"enable":true,"title":"Featured Products","collection":"","limit":"8"}},"1546400210430":{"type":"image","settings":{"enable":true,"image":"","link":"shopify:\/\/collections\/all"}},"1546400245437":{"type":"image","settings":{"enable":true,"image":"","link":""}},"1546400262551":{"type":"quote","settings":{"enable":true,"title":"Custom Block","quote":"<p>Custom CMS block displayed at the left sidebar on the Catalog Page. Put your own content here: text, html, images, media... whatever you like.<\/p>\n<p>There are many similar sample content placeholders across the store. All editable from admin panel.<\/p>"}}},"block_order":["1546400179484","1546400210430","1546400245437","1546400262551"],"settings":{"display_sidebar_blog_page":true,"show_sidebar":"left","display_sidebar_link":true,"sidebar_link_title":"Categories","style_categories":"style_little","link_list":"","sidebar_recent_art":true,"sidebar_blog_tags":false}},"article-template":{"type":"article-template","blocks":{"1546501567008":{"type":"image","settings":{"image_1":"","lb_product_1_1":"","top_position_1_1":"27","left_position_1_1":"64","dots_color_1_1":"#fff","dots_bg_color_1_1":"#323232","dots_shadow_color_1_1":"#323232","lb_product_1_2":"","top_position_1_2":"10","left_position_1_2":"10","dots_color_1_2":"#fff","dots_bg_color_1_2":"#323232","dots_shadow_color_1_2":"#fff","lb_product_1_3":"","top_position_1_3":"10","left_position_1_3":"10","dots_color_1_3":"#fff","dots_bg_color_1_3":"#323232","dots_shadow_color_1_3":"#fff","image_2":"","lb_product_2_1":"","top_position_2_1":"28","left_position_2_1":"28","dots_color_2_1":"#fff","dots_bg_color_2_1":"#323232","dots_shadow_color_2_1":"#323232","lb_product_2_2":"","top_position_2_2":"83","left_position_2_2":"66","dots_color_2_2":"#fff","dots_bg_color_2_2":"#323232","dots_shadow_color_2_2":"#323232","lb_product_2_3":"","top_position_2_3":"10","left_position_2_3":"10","dots_color_2_3":"#fff","dots_bg_color_2_3":"#323232","dots_shadow_color_2_3":"#fff","image_3":"","lb_product_3_1":"","top_position_3_1":"26","left_position_3_1":"68","dots_color_3_1":"#fff","dots_bg_color_3_1":"#323232","dots_shadow_color_3_1":"#323232","lb_product_3_2":"","top_position_3_2":"10","left_position_3_2":"10","dots_color_3_2":"#fff","dots_bg_color_3_2":"#323232","dots_shadow_color_3_2":"#fff","lb_product_3_3":"","top_position_3_3":"10","left_position_3_3":"10","dots_color_3_3":"#fff","dots_bg_color_3_3":"#323232","dots_shadow_color_3_3":"#fff"}}},"block_order":["1546501567008"],"settings":{"blog_show_author":true,"blog_show_date":true,"dpl_lookbook_description":true,"quote_title":"Sample Block Quote","quote_des":"Praesent vestibulum congue tellus at fringilla. Curabitur vitae semper sem, eu convallis est. Cras felis nunc commodo loremous convallis vitae interdum non nisl. Maecenas ac est sit amet augue pharetra convallis nec danos.","quote_title_2":"Sample Paragraph Text","quote_des_2":"<p>\nPraesent vestibulum congue tellus at fringilla. Curabitur vitae semper sem, eu convallis est. Cras felis nunc commodo eu convallis vitae interdum non nisl. Maecenas ac est sit amet augue pharetra convallis nec danos dui.\n<\/p>\n<p>\nCras suscipit quam et turpis eleifend vitae malesuada magna congue. Damus id ullamcorper neque. Sed vitae mi a mi pretium aliquet ac sed elitos. Pellentesque nulla eros accumsan quis justo at tincidunt lobortis denimes loremous. Suspendisse vestibulum lectus in lectus volutpat, ut dapibus purus pulvinar. Vestibulum sit amet auctor ipsum.\n<\/p>","dpl_gallery_lookbook":true,"gallery_lb_title":"LookBook Gallery","show_cart_best_sellers_product":false,"title":"Editor’s Picks","show_slider_featured_collection":"","slider_featured_limit_all":8,"collection_results_per_row1":"4"}},"brands-page":{"type":"brands-page","blocks":{"1546921086313":{"type":"image","settings":{"image":"","title":"Loremous","link":""}},"1546921152681":{"type":"image","settings":{"image":"","title":"Isablella","link":""}},"1546921217742":{"type":"image","settings":{"image":"","title":"Benjamin Button","link":""}},"1546921256644":{"type":"image","settings":{"image":"","title":"Fermends","link":""}},"1546921290795":{"type":"image","settings":{"image":"","title":"conseqaur","link":""}},"1546921315910":{"type":"image","settings":{"image":"","title":"Benjamin Button","link":""}}},"block_order":["1546921086313","1546921152681","1546921217742","1546921256644","1546921290795","1546921315910"],"settings":{"display_brand":true}},"header":{"type":"header","settings":{"display_header_top":false,"top_message_text":"Mid-Season Sale Up to 70% OFF. <a href=\"\/collections\/all\">Shop Now<\/a>","bg_header_top":"#ffe8e8","text_header_top_color":"#b05d5d","brand_type":"image","brand_text":"","logo":"shopify:\/\/shop_images\/Logo-site_Dom_Otavio.png","max_height_logo_mb":"100px","logo_pc":"shopify:\/\/shop_images\/Logo-site_Dom_Otavio.png","max_height_logo_pc":"100px","bg_search_color":"#fafafa","search_color":"#323232","search_border_color":"#e7e7e7","bg_header_bottom_color":"#fff","header_bottom_link_color":"#232323","header_bottom_text_color":"#323232","display_customer_service":false,"customer_service_text":"Customer Service 1.900.000.6690","display_free_shipping":false,"free_shipping_text":"Free shipping on All Orders. No Minimum Purchase","bg_cart_color":"#d2cbcb","cart_color":"#323232","dropdowncart_type":"hover"}},"shop-instagram":{"type":"shop-instagram","settings":{"title":"Shop Instagram","des":"Nullam aliquet vestibulum augue non varius cras de congue elitos. Duis tristique delos ante an daliquam. Praesent urna tellus laoreet an tellus ullamcorper fermentum facilisis.","embed_code":"<script src=\"https:\/\/snapppt.com\/widgets\/widget_loader\/33732d63-5077-4f49-a869-7d4ddc227b6f\/grid.js\" defer class=\"snapppt-widget\"><\/script>"}},"someone-purchased":{"type":"someone-purchased","blocks":{"1548643650260":{"type":"image","settings":{"product":"","from_ago":"from Blackburn, UK","time_ago":"20 minutes ago,"}},"1548643708120":{"type":"image","settings":{"product":"","from_ago":"from Washington, US","time_ago":"30 minutes ago,"}},"1548643726643":{"type":"image","settings":{"product":"","from_ago":"in Blumenau, Brazil","time_ago":"10 minutes ago,"}},"1548643747526":{"type":"image","settings":{"product":"","from_ago":"from Bauru, Brazil","time_ago":"35 minutes ago,"}}},"block_order":["1548643650260","1548643708120","1548643726643","1548643747526"],"settings":{"display_someone-purchased":false,"display_someone-purchased_mb":false,"show_someone-purchased":"right","someone_speed":"7000","text":"Someone recently bought a"}},"GDPR-modal":{"type":"GDPR-modal","settings":{"display_gdpr":false,"show_gdp":"left","bg_color":"#141414","text_color":"#ffffff","privacy_policy_color":"#818181","content":"The cookie settings on this website are set to 'allow all cookies' to give you the very best experience. Please click Accept Cookies to continue to use the site.","privacy_policy_text":"privacy policy","privacy_policy_link":"https:\/\/policies.google.com\/","accept_cookies_text":"accept"}},"1540952363851":{"type":"home-slideshow","blocks":{"1540952363851-0":{"type":"image","settings":{"dpl_slide_img":true,"image_slide":"shopify:\/\/shop_images\/banner-outinv-2019.png","image_slide_mb":"","alignment":"left","heading":"","font_size_heading":"40px","color_heading":"#232323","slide-des":"","font_size_des":"12px","color_des":"#232323","button_slide":"","link":"","bg_button":"#232323","border_button":"#232323","color_button":"#fff","lb_product_1":"","top_position_1":"10","left_position_1":"10","dots_color_1":"#fff","dots_bg_color_1":"#323232","dots_shadow_color_1":"#fff","lb_product_2":"","top_position_2":"10","left_position_2":"10","dots_color_2":"#fff","dots_bg_color_2":"#323232","dots_shadow_color_2":"#fff","lb_product_3":"","top_position_3":"10","left_position_3":"10","dots_color_3":"#fff","dots_bg_color_3":"#323232","dots_shadow_color_3":"#fff"}}},"block_order":["1540952363851-0"],"settings":{"layout":"full","margin_bottom_mb":20,"margin_bottom_tab":20,"margin_bottom":30,"autoplay":false,"slideshow_speed":"9000","slideshow_transition":"true","dots":"true","dots_color":"#707979","dots_active_color":"#747d7d","dots_opacity":true,"arrow_color":"#636a6a","arrow_border_color":"#636a6a","arrow_bg_color":"rgba(0,0,0,0)","position_slick_arrow":"9.5%","min_width_banner_button":"","bg_video":"#866965","bg_overlay_opacity":40,"video_height":"41.7%","auto_playvideo":false}},"1541065669115":{"type":"home-new-arrivals","settings":{"layout":"default","new_arrivals_title":"Casaco","new_arrivals_des":"","title_style":"style_1","view_all":"","link_view_all":"","product_list_collection":"casacos","product_list_limit_all":20,"display_infinite_scrolling_homepage":true,"product_list_limit":"6","collection_results_per_row1":"6","margin_bottom_mb":40,"margin_bottom_tab":40,"margin_bottom":50}},"product-template-grouped":{"type":"product-template-grouped","settings":{"style_moreview":"horizontal","video_product":true,"video_product_icon":"#c1c1c1","show_sold_in":true,"item_prd":"3,5,6,7,8,10,12,15","item_prds":"sold in last","hours_prs":"10,15,16,17,18,20,25,35","item_hours":"hours","display_vendor":true,"text_vendor":"Vendor:","display_product_sku":true,"text_product_sku":"SKU:","display_availability":true,"text_availability":"Availability:","display_product_type":true,"text_product_type":"Product Type:","countdown":"countdown_1","text_countdown":"Limited-Time Offers, End in:","progressbar_1":"Please hurry, only","progressbar_2":"left in stock","total_items":"100","min_items_left":"8","max_items_left":"26","progressbar_color":"#f5f5f5","progressbar_active_color":"#69c69c","dpl_customers_view":true,"title_view":"customers are viewing this product","number_view":"283, 100, 59, 11, 14, 185, 193, 165, 50, 38, 99, 112, 46, 10, 125, 200, 250, 18","show_desc":"short","display_subtotal":true,"display_qty":true,"display_product_detail_tag":true,"display_product_detail_share":true,"share_text":"Share","display_trust_img":true,"show_tab":"horizontal","display_product_detail_description":true,"product_description_title":"Description","display_product_reviews":true,"product_review_title":"Customer Reviews","display_shipping_returns":true,"shipping_returns_title":"Shipping & Returns","shipping_returns_content":"","display_custom_tab":true,"custom_tab_title":"Custom Product Tab","display_related_products":true,"related_products_title":"Related Products","number_of_related_products":"8","dpl_lookbook_description":true,"style_lookbook_description":"all_product","quote_title":"","quote_des":"","quote_title_2":"","quote_des_2":"","dpl_gallery_lookbook":true,"style_lookbook_gallery":"all_product","dpl_grouped_product":true}},"product-template-slider":{"type":"product-template-slider","settings":{"video_product":true,"video_product_icon":"#c1c1c1","enable_payment_button":true,"show_sold_in":true,"item_prd":"3,5,6,7,8,10,12,15","item_prds":"sold in last","hours_prs":"10,15,16,17,18,20,25,35","item_hours":"hours","display_vendor":true,"text_vendor":"Vendor:","display_product_sku":true,"text_product_sku":"SKU:","display_availability":true,"text_availability":"Availability:","display_product_type":true,"text_product_type":"Product Type:","countdown":"countdown_1","text_countdown":"Limited-Time Offers, End in:","progressbar_1":"Please hurry, only","progressbar_2":"left in stock","total_items":"100","min_items_left":"8","max_items_left":"26","progressbar_color":"#f5f5f5","progressbar_active_color":"#69c69c","dpl_customers_view":true,"title_view":"customers are viewing this product","number_view":"283, 100, 59, 11, 14, 185, 193, 165, 50, 38, 99, 112, 46, 10, 125, 200, 250, 18","show_desc":"short","display_subtotal":true,"display_product_detail_tag":true,"display_product_detail_share":true,"share_text":"Share","display_trust_img":true,"show_tab":"horizontal","display_product_detail_description":true,"product_description_title":"Description","display_product_reviews":true,"product_review_title":"Customer Reviews","display_shipping_returns":true,"shipping_returns_title":"Shipping & Returns","shipping_returns_content":"","display_custom_tab":true,"custom_tab_title":"Custom Product Tab","display_related_products":true,"related_products_title":"Related Products","number_of_related_products":"8","dpl_lookbook_description":true,"style_lookbook_description":"all_product","quote_title":"","quote_des":"","quote_title_2":"","quote_des_2":"","dpl_gallery_lookbook":true,"style_lookbook_gallery":"all_product"}},"product-template-gallery":{"type":"product-template-gallery","settings":{"video_product":true,"video_product_icon":"#c1c1c1","enable_payment_button":true,"show_sold_in":true,"item_prd":"3,5,6,7,8,10,12,15","item_prds":"sold in last","hours_prs":"10,15,16,17,18,20,25,35","item_hours":"hours","display_vendor":true,"text_vendor":"Vendor:","display_product_sku":true,"text_product_sku":"SKU:","display_availability":true,"text_availability":"Availability:","display_product_type":true,"text_product_type":"Product Type:","countdown":"countdown_1","text_countdown":"Limited-Time Offers, End in:","progressbar_1":"Please hurry, only","progressbar_2":"left in stock","total_items":"100","min_items_left":"8","max_items_left":"26","progressbar_color":"#f5f5f5","progressbar_active_color":"#69c69c","dpl_customers_view":true,"title_view":"customers are viewing this product","number_view":"283, 100, 59, 11, 14, 185, 193, 165, 50, 38, 99, 112, 46, 10, 125, 200, 250, 18","show_desc":"short","display_subtotal":true,"display_product_detail_tag":true,"display_product_detail_share":true,"share_text":"Share","display_trust_img":true,"show_tab":"horizontal","display_product_detail_description":true,"product_description_title":"Description","display_product_reviews":true,"product_review_title":"Customer Reviews","display_shipping_returns":true,"shipping_returns_title":"Shipping & Returns","shipping_returns_content":"","display_custom_tab":true,"custom_tab_title":"Custom Product Tab","display_related_products":true,"related_products_title":"Related Products","number_of_related_products":"8","dpl_lookbook_description":true,"style_lookbook_description":"all_product","quote_title":"","quote_des":"","quote_title_2":"","quote_des_2":"","dpl_gallery_lookbook":true,"style_lookbook_gallery":"all_product"}},"product-template-full-width":{"type":"product-template-full-width","settings":{"video_product":true,"video_product_icon":"#c1c1c1","enable_payment_button":true,"show_sold_in":true,"item_prd":"3,5,6,7,8,10,12,15","item_prds":"sold in last","hours_prs":"10,15,16,17,18,20,25,35","item_hours":"hours","display_vendor":true,"text_vendor":"Vendor:","display_product_sku":true,"text_product_sku":"SKU:","display_availability":true,"text_availability":"Availability:","display_product_type":true,"text_product_type":"Product Type:","countdown":"countdown_1","text_countdown":"Limited-Time Offers, End in:","progressbar_1":"Please hurry, only","progressbar_2":"left in stock","total_items":"100","min_items_left":"8","max_items_left":"26","progressbar_color":"#f5f5f5","progressbar_active_color":"#69c69c","dpl_customers_view":true,"title_view":"customers are viewing this product","number_view":"283, 100, 59, 11, 14, 185, 193, 165, 50, 38, 99, 112, 46, 10, 125, 200, 250, 18","show_desc":"short","display_subtotal":true,"display_product_detail_tag":true,"display_product_detail_share":true,"share_text":"Share","display_trust_img":true,"display_product_detail_description":true,"product_description_title":"Description","display_product_reviews":true,"product_review_title":"Customer Reviews","display_shipping_returns":true,"shipping_returns_title":"Shipping & Returns","shipping_returns_content":"","display_custom_tab":true,"custom_tab_title":"Custom Product Tab","display_related_products":true,"related_products_title":"Related Products","number_of_related_products":"8","dpl_lookbook_description":true,"style_lookbook_description":"all_product","quote_title":"","quote_des":"","quote_title_2":"","quote_des_2":"","dpl_gallery_lookbook":true,"style_lookbook_gallery":"all_product"}},"collection-header":{"type":"collection-header","settings":{"display_collection_image":true,"collection_image":"","display_collection_des":true,"color_wrapper":"#fff","height_img":"240px"}},"collection-template-express-order":{"type":"collection-template-express-order","settings":{"collection_results_per_page":"12","pro_image":"&nbsp;","pro_name":"Product","pro_price":"Price","pro_quantity":"Qty","pro_variant_options":"Options","btn_1_bg_color":"#232323","btn_1_border_color":"#232323","btn_1_text_color":"#fff","btn_2_bg_color":"#fff","btn_2_border_color":"#323232","btn_2_text_color":"#232323","btn_3_bg_color":"#fff","btn_3_border_color":"#e6e6e6","btn_3_text_color":"#232323","btn_4_bg_color":"#69c69c","btn_4_border_color":"#69c69c","btn_4_text_color":"#fff"}},"collection-template-fullwidth":{"type":"collection-template-fullwidth","settings":{"limited_view":false,"sort_enable":false,"collection_results_per_row":"5","collection_results_per_page":"30"}},"1556000661295":{"type":"home-new-arrivals","settings":{"layout":"default","new_arrivals_title":"Calça e Bermuda","new_arrivals_des":"","title_style":"style_1","view_all":"","link_view_all":"","product_list_collection":"calca-bermuda","product_list_limit_all":20,"display_infinite_scrolling_homepage":true,"product_list_limit":"6","collection_results_per_row1":"6","margin_bottom_mb":40,"margin_bottom_tab":40,"margin_bottom":50}},"1556001188444":{"type":"home-new-arrivals","settings":{"layout":"default","new_arrivals_title":"Camisa Social","new_arrivals_des":"","title_style":"style_1","view_all":"","link_view_all":"","product_list_collection":"camisa-social","product_list_limit_all":20,"display_infinite_scrolling_homepage":true,"product_list_limit":"6","collection_results_per_row1":"6","margin_bottom_mb":40,"margin_bottom_tab":40,"margin_bottom":50}},"1556001226407":{"type":"home-new-arrivals","settings":{"layout":"default","new_arrivals_title":"Calçados","new_arrivals_des":"","title_style":"style_1","view_all":"","link_view_all":"","product_list_collection":"tenis","product_list_limit_all":20,"display_infinite_scrolling_homepage":true,"product_list_limit":"6","collection_results_per_row1":"6","margin_bottom_mb":40,"margin_bottom_tab":40,"margin_bottom":50}},"1556001319239":{"type":"home-new-arrivals","settings":{"layout":"default","new_arrivals_title":"Relógios","new_arrivals_des":"","title_style":"style_1","view_all":"","link_view_all":"","product_list_collection":"relogio","product_list_limit_all":20,"display_infinite_scrolling_homepage":true,"product_list_limit":"6","collection_results_per_row1":"6","margin_bottom_mb":40,"margin_bottom_tab":40,"margin_bottom":50}}},"content_for_index":["1540952363851","1541065669115","1556000661295","1556001188444","1556001226407","1556001319239"]},"presets":{"Default":{"search_placeholder":"search","mailing_list_form_action":"\/\/halothemes.us3.list-manage.com\/subscribe\/post?u=0bf85dc81d846feb53a235178&amp;id=89ea28643a","body_font_size":"12","body_color":"#3c3c3c","display_breadcrumb":true,"breadcrumb_color":"#999999","breadcrumb_text_transform":"capitalize","page_title_color":"#232323","page_title_text_align":"left","display_popup_newsletter":true,"popup_newsletter_title":"Join Our Mailing List","display_popup_social":true,"enable_wishlist":true,"product_image_border":false,"product_image_border_color":"#e6e6e6","use_color_swatch":true,"display_size_chart":true,"display_product_reviews":true,"enable_quick_view":true,"display_quickview_availability":true,"display_quickview_product_type":true,"display_quickview_vendor":true,"display_quickview_subtotal":true,"show_shipping_calculator":true,"shipping_calculator_heading":"Get shipping estimates","shipping_calculator_default_country":"United States","shipping_calculator_submit_button_label":"Calculate Shipping","shipping_calculator_submit_button_label_disabled":"Calculating...","enable_multiple_currencies":true,"currency_1_unit":"USD","currency_2_unit":"EUR","currency_3_unit":"GBP","currency_4_unit":"CHF","checkout_use_header_image":true,"checkout_banner_background_color":"#ffffff","checkout_logo":"checkout_logo.png","checkout_headline":"","checkout_accent_color":"#2d2d2d","checkout_button_color":"#000000","checkout_call_to_action_color":"#000000","customer_layout":"theme","link_color":"#0688e2"}}}