{"sections":{"main":{"type":"main-cart","settings":{"cart_notes":true,"secure_text":"Pagamento Seguro","img_trust":"shopify:\/\/shop_images\/selos-seguranca-clube-reborn-trans-min.png","cart_countdown_enable":true,"time_countdown":30,"coupon_code_enable":false,"coupon_title":"Coupon Code:","coupon_content":"Coupon code will be applied on the checkout page","gift_card_enable":true,"product_to_use":"","gift_content":"","button_gift_text":"Add","show_cart_best_sellers_product":true,"title":"Separamos para você","show_slider_featured_collection":"camisas","slider_featured_limit_all":16,"collection_results_per_row1":"5"}}},"order":["main"]}