{"sections":{"main":{"type":"contact-template","settings":{"display_google_map":true,"google_map_code":"","contact_title":"Será um prazer!","contact_text_desc":"","contact_your_name":"","contact_phone_number":"","contact_your_email":"","display_location":false,"location_code":"<h4>Store Information<\/h4>\n<p>We'd love to hear from you - please use the form to send us your message or ideas. Or simply pop in for a cup of fresh tea and a cookie:<\/p>\n<p class=\"addr\">8808 Ave Dermentum, Onsectetur Adipiscing<br>Tortor Sagittis, CA 880986,<br>United States\n<\/p>\n\n<p class=\"addr\">Email: <a href=\"mailto:support@halothemes.com\">support@halothemes.com<\/a><br>Toll-free: <strong>1-888-699-8900<\/strong><\/p><div class=\"open-hours\">\n<strong>Opening Hours:<\/strong>\n<br>Monday to Saturday: 9am - 10pm\n<br>Sundays: 10am - 6pm\n<p><\/p>\n<\/div>"}}},"order":["main"]}