{"sections":{"main":{"type":"main-product","blocks":{"9e63d273-20b8-48d8-a3dc-f60a538db1ed":{"type":"sidebar_product","settings":{"display_sidebar":true,"show_sidebar":"left","enable_categories":true,"title_categories":"CATEGORIES","style_categories":"style_little","link_list":"","enable_product":true,"title_product":"FEATURED PRODUCTS","collection":"cosmopolis","limit":"1","enable_img_1":true,"link_img_1":"shopify:\/\/collections\/cosmopolitan","enable_img_2":true,"link_img_2":"shopify:\/\/collections\/cosmopolis","enable_custom_block":true,"title_custom_block":"Custom Block","quote_custom_block":"<p>Custom CMS block displayed at the left sidebar on the Catalog Page. Put your own content here: text, html, images, media... whatever you like.<\/p><p><\/p><p>There are many similar sample content placeholders across the store. All editable from admin panel.<\/p>"}},"2952443b-94a9-4eef-939b-0877dad2d5cd":{"type":"image","settings":{"main_pr_look":"aeque-mollis-urnan-lementum","lb_product_1_1":"dempus-an-lortis-tempus-posuere","top_position_1_1":"10","left_position_1_1":"10","dots_color_1_1":"#ffffff","dots_bg_color_1_1":"#323232","dots_shadow_color_1_1":"#ffffff","lb_product_1_2":"","top_position_1_2":"10","left_position_1_2":"10","dots_color_1_2":"#ffffff","dots_bg_color_1_2":"#323232","dots_shadow_color_1_2":"#ffffff","lb_product_1_3":"","top_position_1_3":"10","left_position_1_3":"10","dots_color_1_3":"#ffffff","dots_bg_color_1_3":"#323232","dots_shadow_color_1_3":"#ffffff","lb_product_2_1":"","top_position_2_1":"20","left_position_2_1":"50","dots_color_2_1":"#ffffff","dots_bg_color_2_1":"#323232","dots_shadow_color_2_1":"#ffffff","lb_product_2_2":"","top_position_2_2":"10","left_position_2_2":"10","dots_color_2_2":"#ffffff","dots_bg_color_2_2":"#323232","dots_shadow_color_2_2":"#ffffff","lb_product_2_3":"","top_position_2_3":"10","left_position_2_3":"10","dots_color_2_3":"#ffffff","dots_bg_color_2_3":"#323232","dots_shadow_color_2_3":"#ffffff","lb_product_3_1":"","top_position_3_1":"10","left_position_3_1":"10","dots_color_3_1":"#ffffff","dots_bg_color_3_1":"#323232","dots_shadow_color_3_1":"#ffffff","lb_product_3_2":"","top_position_3_2":"10","left_position_3_2":"10","dots_color_3_2":"#ffffff","dots_bg_color_3_2":"#323232","dots_shadow_color_3_2":"#ffffff","lb_product_3_3":"","top_position_3_3":"10","left_position_3_3":"10","dots_color_3_3":"#ffffff","dots_bg_color_3_3":"#323232","dots_shadow_color_3_3":"#ffffff"}},"bf9a40c8-0a1a-401b-b635-e3f5e99b4673":{"type":"recommend","settings":{"display_related_products":true,"related_products_title":"Produtos Relacionados","number_of_related_products":"8","related_products_per_row":"4"}},"ebe8ded2-b7f9-4494-8b5a-35c41801863d":{"type":"product-banner","disabled":true,"settings":{"display":false,"alignment":"center","video_type":"mp4","video_link":"","banner_heading":"Metropolis","font_size_banner_heading":"40px","color_banner_heading":"#ffffff","banner_heading_sub":"","font_size_banner_heading_sub":"16px","color_banner_heading_sub":"#ffffff","banner_des":"Pellentesque posuere orci lobortis scelerisque blandit. Donec id tellus lacinia an tincidunt risus an consequat delit quisquemos.","font_size_banner_des":"12p16px","color_banner_des":"#ffffff","banner_button":"Shop Now","link":"","bg_banner_button":"#ffffff","border_banner_button":"#5a5a5a","color_banner_button":"#232323","bg_banner_button_hover":"","border_banner_button_hover":"","color_banner_button_hover":""}}},"block_order":["9e63d273-20b8-48d8-a3dc-f60a538db1ed","2952443b-94a9-4eef-939b-0877dad2d5cd","bf9a40c8-0a1a-401b-b635-e3f5e99b4673","ebe8ded2-b7f9-4494-8b5a-35c41801863d"],"settings":{"style_moreview":"left_vertical","enable_zoom_image":true,"enable_zoom_text":true,"enable_payment_button":false,"enable_hot_stock":true,"number_stock":"3","show_sold_in":true,"item_prd":"3,5,6,7,8,10,12,15","item_prds":"peças vendidas a","hours_prs":"10,15,16,17,18,20,25,35","item_hours":"horas","display_vendor":false,"text_vendor":"Vendor:","display_product_sku":false,"text_product_sku":"SKU:","display_availability":false,"text_availability":"Availability:","display_product_type":false,"text_product_type":"Product Type:","enable_countdown":false,"countdown":"countdown_1","text_countdown":"Limited-Time Offers, End in:","option_countdown":"different_product","count_down_timer":"2022-07-17 22:11:00","custombox_text":"","progressbar_1":"Please hurry, only","progressbar_2":"left in stock","total_items":"100","min_items_left":"8","max_items_left":"26","progressbar_color":"#f5f5f5","progressbar_active_color":"#69c69c","dpl_customers_view":true,"title_view":"pessoas estão vendo esse produto agora.","number_view":"283, 100, 59, 11, 14, 185, 193, 165, 50, 38, 99, 112, 46, 10, 125, 200, 250, 18","show_desc":"no-show","display_subtotal":true,"display_qty":true,"display_product_detail_tag":false,"display_product_detail_share":true,"share_text":"Share","display_trust_img":true,"show_tab":"horizontal","display_product_detail_description":true,"product_description_title":"Descrição","display_product_reviews":false,"product_review_title":"Customer Reviews","display_custom_tab_1":false,"custom_tab_title_1":"Shipping & Returns","custom_tab_content_1":"<h4>RETURNS POLICY<\/h4>\n<p>Lorem ipsum dolor sit amet, consectetur adipiscing elit. Morbi ut blandit risus. Donec mollis nec tellus et rutrum. Orci varius natoque penatibus et magnis dis parturient montes, nascetur ridiculus mus. Ut consequat quam a purus faucibus scelerisque. Mauris ac dui ante. Pellentesque congue porttitor tempus. Donec sodales dapibus urna sed dictum. Duis congue posuere libero, a aliquam est porta quis.<\/p>\n<p>\nDonec ullamcorper magna enim, vitae fermentum turpis elementum quis. Interdum et malesuada fames ac ante ipsum primis in faucibus. <\/p>\n<p>\nCurabitur vel sem mi. Proin in lobortis ipsum. Aliquam rutrum tempor ex ac rutrum. Maecenas nunc nulla, placerat at eleifend in, viverra etos sem. Nam sagittis lacus metus, dignissim blandit magna euismod eget. Suspendisse a nisl lacus. Phasellus eget augue tincidunt, sollicitudin lectus sed, convallis desto. Pellentesque vitae dui lacinia, venenatis erat sit amet, fringilla felis. Nullam maximus nisi nec mi facilisis.<\/p>\n<h4>SHIPPING<\/h4>\n<p>Lorem ipsum dolor sit amet, consectetur adipiscing elit. Morbi ut blandit risus. Donec mollis nec tellus et rutrum. Orci varius natoque penatibus et magnis dis parturient montes, nascetur ridiculus mus. Ut consequat quam a purus faucibus scelerisque. Mauris ac dui ante. Pellentesque congue porttitor tempus. Donec sodales dapibus urna sed dictum. Duis congue posuere libero, a aliquam est porta quis.<\/p>\n<p>\nDonec ullamcorper magna enim, vitae fermentum turpis elementum quis. Interdum et malesuada fames ac ante ipsum primis in faucibus. <\/p>\n<p>\nCurabitur vel sem mi. Proin in lobortis ipsum. Aliquam rutrum tempor ex ac rutrum. Maecenas nunc nulla, placerat at eleifend in, viverra etos sem. Nam sagittis lacus metus, dignissim blandit magna euismod eget. Suspendisse a nisl lacus. Phasellus eget augue tincidunt, sollicitudin lectus sed, convallis desto. Pellentesque vitae dui lacinia, venenatis erat sit amet, fringilla felis. Nullam maximus nisi nec mi facilisis.<\/p>","display_custom_tab_2":false,"custom_tab_title_2":"Custom Product Tab","custom_tab_content_2":"<p>Nam tempus turpis at metus scelerisque placerat nulla deumantos solicitud felis. Pellentesque diam dolor, elementum etos lobortis des mollis ut risus. Sedcus faucibus an sullamcorper mattis drostique des commodo pharetras loremos.Donec pretium egestas sapien et mollis. Pellentesque diam dolor cosmopolis etos lobortis.<\/p>\n<dl>\n<dt>Comodous:<\/dt>\n<dd>Comodous in tempor ullamcorper miaculis<\/dd>\n<\/dl>\n<dl>\n<dt>Mattis laoreet:<\/dt>\n<dd>Pellentesque vitae neque mollis urna mattis laoreet.<\/dd>\n<\/dl>\n<dl>\n<dt>Divamus de ametos:<\/dt>\n<dd>Divamus sit amet purus justo.<\/dd>\n<\/dl>\n<dl>\n<dt>Molestie:<\/dt>\n<dd>Proin molestie egestas orci ac suscipit risus posuere loremous<\/dd>\n<\/dl>","display_custom_tab_3":false,"custom_tab_title_3":"Custom Tab 3","custom_tab_content_3":"Custom Tab Content 3","display_custom_tab_4":false,"custom_tab_title_4":"Custom Tab 4","custom_tab_content_4":"Custom Tab Content 4","display_custom_tab_5":false,"custom_tab_title_5":"Custom Tab 5","custom_tab_content_5":"Custom Tab Content 5","dpl_lookbook_description":false,"style_lookbook_description":"different_product","quote_title":"Sample Block Quote","quote_des":"Praesent vestibulum congue tellus at fringilla. Curabitur vitae semper sem, eu convallis est. Cras felis nunc commodo loremous convallis vitae interdum non nisl. Maecenas ac est sit amet augue pharetra convallis nec danos.","quote_title_2":"Sample Paragraph Text","quote_des_2":"<p>\nPraesent vestibulum congue tellus at fringilla. Curabitur vitae semper sem, eu convallis est. Cras felis nunc commodo eu convallis vitae interdum non nisl. Maecenas ac est sit amet augue pharetra convallis nec danos dui.\n<\/p>\n<p>\nCras suscipit quam et turpis eleifend vitae malesuada magna congue. Damus id ullamcorper neque. Sed vitae mi a mi pretium aliquet ac sed elitos. Pellentesque nulla eros accumsan quis justo at tincidunt lobortis denimes loremous. Suspendisse vestibulum lectus in lectus volutpat, ut dapibus purus pulvinar. Vestibulum sit amet auctor ipsum.\n<\/p>","dpl_gallery_lookbook":false,"style_lookbook_gallery":"all_product","dpl_grouped_product":true,"grouped_product_style":"style_1","grouped_title":"Frequently Bought Together","grouped_choose_options_text":"Please choose options for all selected products","choose_options":"Choose Options","enable_bundle_discount":false,"bundle_discount_text":"Get a [discount]% discount buying these products together | Erhalten Sie einen Rabatt von [discount]%, wenn Sie diese Produkte zusammen kaufen"}},"recently-view":{"type":"recently-viewed-products","settings":{"display_recently_viewed_products":true,"recently_viewed_products_title":"Visto recentemente","number_of_recently_viewed_products":"8","recently_viewed_products_per_row":"4"}},"1644709889026dc9f1":{"type":"apps","settings":{}}},"order":["main","recently-view","1644709889026dc9f1"]}