{"current":{"color_body_bg":"#ffffff","color_headings":"#3a4247","color_body_text":"#3a4247","color_borders":"#1c1d1d","color_button_text":"#ffffff","color_primary":"#08a412","color_secondary":"#3b549d","color_product_background":"#f7f7f7","color_sale_tag":"#2bcbe8","color_add_to_cart":"#08a412","color_add_to_cart_text":"#ffffff","color_sale_tag_text":"#5c5c5c","color_input":"#f6f6f6","color_newsletter":"#f6f6f6","color_drawer_background":"#1c1d1d","color_drawer_text":"#ffffff","color_drawer_border":"#343535","color_drawer_button":"#08a412","color_drawer_button_text":"#ffffff","type_header_family":"antique_olive_n4","type_header_base_size":"34px","type_header_border_thickness":"1px","type_accent_family":"montserrat_n6","type_accent_transform":true,"type_accent_spacing":true,"type_accent_subheadings":true,"type_base_family":"poppins_n4","type_base_size":"15px","type_base_italize_titles":false,"cart_type":"drawer","cart_notes_enable":false,"share_image":"","social_facebook_link":"","social_twitter_link":"","social_pinterest_link":"","social_instagram_link":"","social_snapchat_link":"","social_google_plus_link":"","social_tumblr_link":"","social_youtube_link":"","social_vimeo_link":"","social_fancy_link":"","share_facebook":false,"share_twitter":false,"share_pinterest":false,"favicon":"","checkout_header_image":"","checkout_logo_image":"","checkout_logo_position":"left","checkout_logo_size":"medium","checkout_body_background_image":"","checkout_body_background_color":"#fff","checkout_input_background_color_mode":"white","checkout_sidebar_background_image":"","checkout_sidebar_background_color":"#fafafa","checkout_heading_font":"-apple-system, BlinkMacSystemFont, 'Segoe UI', Roboto, Helvetica, Arial, sans-serif, 'Apple Color Emoji', 'Segoe UI Emoji', 'Segoe UI Symbol'","checkout_body_font":"-apple-system, BlinkMacSystemFont, 'Segoe UI', Roboto, Helvetica, Arial, sans-serif, 'Apple Color Emoji', 'Segoe UI Emoji', 'Segoe UI Symbol'","checkout_accent_color":"#489d1f","checkout_button_color":"#0d6ab0","checkout_error_color":"#e32c2b","checkout_banner_background_color":"#fff","checkout_call_to_action_color":"#a26b25","checkout_use_header_image":false,"collection_products_grid":"collage","customer_layout":"customer_area","favicon_enable":false,"product_vendor_enable":false,"social_sharing_style":"clean","sections":{"header":{"type":"header","settings":{"logo":"","logo_max_width":"500","search":"modal","main_menu_link_list":"main-menu","drawer_bottom_link_list":"","drawer_search_enable":false,"show_announcement":true,"home_page_only":true,"text":"FRETE GRÁTIS DURANTE A PROMOÇÃO PARA TODO O BRASIL 🇧🇷","link":"","color_bg":"#1c1d1d","color_text":"#ffffff"}},"slideshow":{"type":"slideshow","blocks":{"1545454806413":{"type":"slide","settings":{"image":"","color_image_overlay":"#3d4246","image_overlay_opacity":25,"slide_subheading":"Uma introdução","slide_heading":"Banner do Hero","slide_cta":"Compre agora","slide_link":"","image_link":""}}},"block_order":["1545454806413"],"settings":{"hero_home_auto":true,"home_hero_auto_speed":"5000","slide_text_color":"#ffffff","slide_button_label_color":"#000000","slide_button_background_color":"#ffffff"}},"featured-products":{"type":"featured-products","settings":{"title":"Coleção em destaque","home_featured_products":"","collection_products_grid":"grid"}},"newsletter":{"type":"newsletter","settings":{"heading":"Newsletter","subheading":""}},"footer":{"type":"footer","settings":{"footer_link_list":"","mostrar_cnpj":false,"empresa_cnpj":"Empresa registrada:","numero_cnpj":"","show_payment_icons":true}},"product-template":{"type":"product-template","settings":{"mostrar_percentual":true,"zoom_enable":false,"social_sharing_products":true,"product_vendor_enable":false,"image_layout":"stacked","exibir_parcelas":true,"numero_de_parcelas":"12","parcelas_com_juros":true,"cor_das_parcelas":"#e99f30","quantity_enabled":true,"product_selector":"radio","enable_payment_button":false,"add_to_cart_button_size":"small","ativar_safelogo":true,"imagem_safelogo":"shopify:\/\/shop_images\/Badges_large_cd7846c2-381a-49f8-9929-a3bb22d555e6.png","ativar_mensagem_urgencia":true,"ativar_data":true,"mensagem_urgencia":"Atenção: Últimas unidades, caso emita boleto bancário envie o comprovante de pagamento o mais rápido possível para nosso whatsapp <strong>(99) 99999-9999<\/strong> ou <strong>contato@sualoja.com <\/strong>para garantir o seu.","color_text_urgencia":"#ff0000","tamanho_fonte_urgencia":"13","ativar_mensagem_de_suporte":true,"mensagem_suporte":"<p><strong>Suporte ao cliente:<\/strong><span> <\/span><\/p><p>✔ Você paga somente o valor descrito em nosso site, fique tranquilo, não haverá cobranças adicionais de taxas ou impostos.<span> <\/span><br>✔ Enviamos para todo Brasil com seguro e código de rastreamento online.<br>✔ Produto com garantia.<br>✔ Processo de pagamento totalmente seguro, por boleto bancário ou cartão de crédito, através do Mercado Pago.<br>✔ Suporte ao cliente antes e após a compra, chat de atendimento.<span> <\/span><br>✔ Site protegido com os melhores certificados de segurança.<\/p>","ativar_tempo_de_entrega":true,"texto_tempo_de_entrega_rapido":"Tempo de entrega estimado 15 a 23 dias","texto_tempo_de_entrega_longo":"Tempo de entrega estimado 30 a 90 dias","ativar_logofinal":true,"imagem_logofinal":"shopify:\/\/shop_images\/mercado_pago_2.png","ativar_stickybtn":true,"position_sticky":"baixo"}},"collection-template":{"type":"collection-template","settings":{"collection_products_grid":"grid","collection_sort_enable":false,"collection_tags_enable":false,"product_vendor_enable":false}},"list-collections-template":{"type":"list-collections-template","settings":{"display_type":"all","sort":"alphabetical"}}},"content_for_index":["featured-products","newsletter"]},"presets":{"Classic":{"cart_type":"drawer","cart_notes_enable":false,"checkout_accent_color":"#a26b25","checkout_banner_background_color":"#fff","checkout_button_color":"#000000","checkout_call_to_action_color":"#a26b25","checkout_use_header_image":false,"collection_products_grid":"collage","color_body_bg":"#ffffff","color_body_text":"#222323","color_borders":"#1c1d1d","color_button_text":"#ffffff","color_drawer_background":"#1c1d1d","color_drawer_border":"#343535","color_drawer_button":"#a26b25","color_drawer_button_text":"#ffffff","color_drawer_text":"#ffffff","color_headings":"#222323","color_input":"#f6f6f6","color_newsletter":"#f6f6f6","color_primary":"#1c1d1d","color_product_background":"#f7f7f7","color_sale_tag":"#990000","color_add_to_cart":"#08a412","color_add_to_cart_text":"#ffffff","color_sale_tag_text":"#5c5c5c","color_secondary":"#a26b25","customer_layout":"customer_area","favicon_enable":false,"product_vendor_enable":false,"share_facebook":true,"share_pinterest":true,"share_twitter":true,"social_sharing_style":"clean","type_accent_family":"montserrat_n6","type_accent_spacing":true,"type_accent_transform":true,"type_accent_subheadings":true,"type_base_family":"arapey_n4","type_base_italize_titles":true,"type_base_size":"16px","type_header_base_size":"30px","type_header_border_thickness":"1px","type_header_family":"old_standard_tt_n4","sections":{"header":{"type":"header","settings":{"show_announcement":true,"color_bg":"#1c1d1d","color_text":"#ffffff"}},"slideshow":{"type":"slideshow","blocks":{"slideshow-0":{"type":"slide","settings":{}},"slideshow-1":{"type":"slide","settings":{}}},"block_order":["slideshow-0","slideshow-1"],"settings":{}},"featured-products":{"type":"featured-products","settings":{"home_featured_products":"frontpage"}},"featured-content":{"type":"featured-content","settings":{}},"featured-collections":{"type":"featured-collections","blocks":{"featured-collections-0":{"type":"collection","settings":{}},"featured-collections-1":{"type":"collection","settings":{}},"featured-collections-2":{"type":"collection","settings":{}}},"block_order":["featured-collections-0","featured-collections-1","featured-collections-2"],"settings":{}},"newsletter":{"type":"newsletter","settings":{}}},"content_for_index":["featured-content","featured-collections","featured-products","newsletter"]},"Playful":{"color_body_bg":"#ffffff","color_body_text":"#565656","color_borders":"#5dd2b4","color_button_text":"#ffffff","color_primary":"#7737BD","color_secondary":"#058677","color_product_background":"#fff4f6","color_sale_tag":"#e80970","color_add_to_cart":"#08a412","color_add_to_cart_text":"#ffffff","color_sale_tag_text":"#5c5c5c","color_input":"#f6f6f6","color_newsletter":"#bde9f2","color_drawer_background":"#360f5f","color_drawer_text":"#ffffff","color_drawer_border":"#50297a","color_drawer_button":"#7737BD","color_drawer_button_text":"#ffffff","color_headings":"#321863","type_header_family":"quicksand_n7","type_header_base_size":"38px","type_header_border_thickness":"1px","type_accent_family":"roboto_n7","type_accent_transform":true,"type_accent_spacing":true,"type_accent_subheadings":false,"type_base_family":"helvetica_n4","type_base_size":"17px","type_base_italize_titles":false,"cart_type":"drawer","cart_notes_enable":true,"social_facebook_link":"","social_twitter_link":"","social_pinterest_link":"","social_instagram_link":"","social_snapchat_link":"","social_google_plus_link":"","social_tumblr_link":"","social_youtube_link":"","social_vimeo_link":"","social_fancy_link":"","share_facebook":true,"share_twitter":true,"share_pinterest":true,"favicon":"","checkout_header_image":"","checkout_logo_image":"","checkout_logo_position":"left","checkout_logo_size":"small","checkout_body_background_image":"","checkout_body_background_color":"#ffffff","checkout_input_background_color_mode":"white","checkout_sidebar_background_image":"","checkout_sidebar_background_color":"#fff4f6","checkout_heading_font":"Helvetica Neue","checkout_body_font":"Roboto","checkout_accent_color":"#7737BD","checkout_button_color":"#7737BD","checkout_error_color":"#f01130","checkout_banner_background_color":"#fff","checkout_call_to_action_color":"#a26b25","checkout_use_header_image":false,"collection_products_grid":"collage","customer_layout":"customer_area","favicon_enable":false,"product_vendor_enable":false,"social_sharing_style":"clean","sections":{"slideshow":{"type":"slideshow","blocks":{"1495823280244":{"type":"slide","settings":{}}},"block_order":["1495823280244"],"settings":{"hero_home_auto":false,"home_hero_auto_speed":"5000"}},"featured-products":{"type":"featured-products","settings":{"home_featured_products":"frontpage","collection_products_grid":"collage"}},"newsletter":{"type":"newsletter","settings":{}},"header":{"type":"header","settings":{"logo_max_width":"260","search":"modal","main_menu_link_list":"main-menu","show_announcement":false,"color_bg":"#290c49","color_text":"#ffffff"}},"footer":{"type":"footer","settings":{"footer_link_list":"footer"}},"collection-template":{"type":"collection-template","settings":{"collection_products_grid":"grid","collection_tags_enable":false,"product_vendor_enable":false}},"1494860348200":{"type":"featured-row","settings":{"layout":"right"}},"1494894035034":{"type":"featured-row","settings":{"layout":"left"}},"product-template":{"type":"product-template","settings":{"zoom_enable":false,"social_sharing_products":true,"product_vendor_enable":false}},"1496078102297":{"type":"advanced-content","blocks":{"1496078102297-0":{"type":"html","settings":{"code":"<div style=\"text-align:center;\">\n<h1 class=\"h1\">Use HTML to format your text so it can be easily read.<\/h1>This text can be used to share information about your brand with customers.<\/div>","width":"100%","alignment":"top-middle"}}},"block_order":["1496078102297-0"],"settings":{}},"1496177901425":{"type":"advanced-content","blocks":{"1496177901425-0":{"type":"html","settings":{"code":"<div style=\"width:745px;text-align: center; margin: 0 auto;\">This text can be used to share information about your brand with customers.<\/div>","width":"100%","alignment":"top-middle"}}},"block_order":["1496177901425-0"],"settings":{}}},"content_for_index":["1496177901425","featured-products","newsletter","1496078102297","1494860348200","1494894035034"]}}}