{"current":{"general_layout":"full_width","cus_w_bd":1420,"body_bg":"#fff","body_bg_image":"","body_bg_repeat":"default","body_bg_size":"default","body_bg_attachment":"default","body_bg_position":"default","home_keywords":"Kalles shopify, Fastest, Ajax Shop, Minimal, Lazyload","shop_author":"The4","global_acc":"","use_rtl":false,"backtop":"3","backtop_des":"1","prevent_copying":false,"falling_snow":false,"catalog_mode":false,"enable_toolbar":false,"enable_new_pp":false,"enable_pro_pr_pp":false,"enable_ck_pp":false,"enable_age_pp":false,"enable_salse_pp":false,"enable_salse_pp_mb":false,"platform_email":"1","klaviyo_list_id":"","ajax_klaviyo":false,"action_mailchimp":"","ajax_mailChimp":false,"checkbox_mail":false,"link_mail":"","enable_growave":false,"enable_infiniteoptions":false,"wishlist_type":"1","app_review":"3","label_settings":"rounded","use_sale_label":true,"label_sale_style":"2","use_sold_out_label":true,"use_new_label":false,"new_day_added":10,"c_1":"","c_2":"","c_3":"","c_4":"","enable_meta":false,"enable_tag":false,"filter_price_list":"$7-$50, $50-$150, $150-$500","logo_svg":"","logo":"shopify:\/\/shop_images\/logo-company-brasil.png","logo_retina":"shopify:\/\/shop_images\/logo-company-brasil.png","logo_width":95,"logos":"","logos_retina":"","logos_width":100,"logo_mb":"shopify:\/\/shop_images\/logo-company-brasil.png","logo_mb_retina":"","logo_mb_width":100,"logo_tr_svg":"","logo_tr":"","logo_tr_retina":"","logo_tr_width":100,"h_banner":false,"h_topbar":true,"full_header":true,"sticky_header":true,"scroll_header":true,"header_design":"3","h_transparent":false,"h_tr_top":false,"h_navmb":62,"mb_cat":false,"only_icon":false,"first_cat":false,"h__bgimg":"","bgnav":"#ffffff","opnav":100,"clnav":"#222222","bgnavst":"#ffffff","opnavst":100,"clnavst":"#222222","bgnavtr":"#000000","opnavtr":40,"clnavtr":"#ffffff","h_icon":"iccl","show_search":true,"show_wis":false,"show_acc":true,"cart_des":"1","bg_hc":"#000000","cl_hc":"#ffffff","btnt4_style":"2","cl_bd_text":"#878787","color_primary":"#56cfe1","cl_hd":"#222","cl_se_tt":"#222","cl_se_subtt":"#878787","ld_bar":"#00badb","cl_sale":"#ff4e00","cl_new":"#109533","cl_sold_out":"#999","clpr_tt":"#222","clpr_price":"#696969","clpr_price_sale":"#ec0101","clpr_price_goc":"#878787","atw_btn":"#fff","bgqv_btn":"#fff","qv_btn":"#222","bgqv_btn_hover":"#222","qv_btn_hover":"#fff","bgatc_btn":"#fff","atc_btn":"#222","bgatc_btn_hover":"#222","atc_btn_hover":"#fff","bgatc_pg":"#56cfe1","atc_pg":"#fff","bgatc_pg_hover":"#222","atc_pg_hover":"#fff","bgck_btn":"#000","ck_btn":"#fff","bgck_btn_hover":"#222","ck_btn_hover":"#fff","cl_tooltip":"#383838","cl_tooltip_txt":"#fff","cl_lazyload":"#56cfe1","bg_lazyload":"#f5f5f5","use_cus_lz":false,"cus_lz":"","size_cus_lz":60,"font_source":"2","fnt_bd":"poppins_n4","fnt_heading":"poppins_n4","fnt_sub_tt":"poppins_n4","fnt_bd2":"Poppins","fnt_heading2":"Poppins","fnt_sub_tt2":"Libre Baskerville","fw_bd":400,"size_bd_text":14,"bd_line_height":1.7,"hd_letter_spacing":0,"fw_hd":600,"hd_line_height":1.4,"fw_nav":400,"fs_nav":14,"ls_nav":0,"size_se_tt":24,"fw_se_tt":600,"lh_se_tt":0,"ls_se_tt":0,"size_se_tt_mb":24,"fw_se_tt_mb":600,"lh_se_tt_mb":0,"ls_se_tt_mb":0,"size_se_stt":14,"fw_se_stt":400,"lh_se_stt":0,"ls_se_stt":0,"size_se_stt_mb":14,"fw_se_stt_mb":400,"lh_se_stt_mb":0,"ls_se_stt_mb":0,"txt_tr_pr":"capitalize","size_pr":14,"size_price_pr":14,"space_pr":15,"shop_layout":"default","shop_des":"default","cat_des":"1","shop_sidebar":"none","shop_size_sidebar":"2","use_hidden_cat":false,"space_sidebar":30,"ajax_shop":true,"ajax_scroll_top":false,"show_column_switch":true,"sort_enable":true,"cat_sticky":true,"shop_filters":true,"pop_style":"pop_default","type_filters":"1","logic_filter":"1","auto_hide_ofsock":false,"show_hide_ofsock":false,"pr_layout":"default","design_products":"1","size_img_pr":"2","nav_img_pr":"medium","use_sticky_des":true,"main_click":"zoom","zoom_tp":"2","pswp_tp":"light","show_zoom_img":true,"des_pr_design":"1","des_pr_layout":"1","pr_sidebar":"none","pr_sidebar_full":false,"pr_size_sidebar":"2","pr_curent":"3","fbt_pos":"1","show_first_img":false,"use_vimg":true,"sticky_atc":false,"social_pr":false,"enable_vlooping":true,"use_fimg":false,"color_ck":"","use_clicking_vimg":false,"enable_his":false,"pr_incoming_mess":false,"date_in":"3","remove_sold_out":false,"use_notify_me":false,"breadcrumb_pr":false,"back_next_pr":true,"ratio_img_main":"ratio_imgtrue","img_size_main":"nt_contain","img_pos_main":"8","ratio_img_thumb":"ratio_imgtrue","img_size_thumb":"nt_cover","img_pos_thumb":"8","share_source":"2","use_quickview":true,"use_pr_rating":false,"hide_btns":false,"price_format":"1","show_pr_img":"2","hover_img":"2","pr_overlay":10,"use_quickshop":true,"use_buy_qs":true,"swatch_design":"2","style_color":"1","swatch_style":"1","swatch_size":"medium","show_pr_color":true,"show_color_type":"1","pr_swatch_setting":"1","swatch_home_size":"small","swatch_style_settings":"rounded","show_pr_size":true,"show_size_type":"1","size_ck":"","min_qty":"0","edit_item":"0","use_cart_cd":false,"cart_time":17,"cart_pos":"side","after_action_atc":"4","search_pos":"full","ajax_search":false,"filter_type_search":false,"only_search_prs":false,"unavailable_prs":"last","prefix":"none","show_search_suggest":false,"search_prs_suggest":"","blog_layout":"default","blog_sidebar":"none","blog_size_sidebar":"2","blog_slider":true,"lr_enable":true,"use_privacy_policy":false,"privacy_policy_link":"","login_side":true,"checkout_url":"","growave_social_login":false,"free_ship_pr":"","gift_wrap_pr":"","link_ship":"","link_conditions":"","ship_calc_df_country":"United States","show_locale_selector":true,"lang_pos":"0","show_multiple_currencies":true,"auto_currency":false,"currency_type":"1","flag_currency":true,"size_currency":"sm","currency_pos":"0","supported_currencies":"EUR - EUR | USD - USD | GBP - GBP| SEK -SEK","currency_format":"money_format","round_currency":false,"notify_currency":true,"mess_currency":"All charges are billed in {{ currency }}. While the content of your cart is currently displayed in <span class=\"selected-currency\"><\/span>, the checkout will use {{ currency }} at the most current exchange rate.","hover_currency":false,"custom_css":false,"global_css":"","desktop_css":"","tablet_mobile_css":"","tablet_css":"","mobile_css":"","custom_js":false,"share_image":"","share_facebook":false,"share_twitter":false,"share_pinterest":false,"share_tumblr":false,"share_email":false,"share_telegram":false,"share_whatsapp":false,"social_facebook_link":"","social_twitter_link":"","social_instagram_link":"","social_dribbble_link":"","social_linkedin_link":"","social_pinterest_link":"","social_tumblr_link":"","social_youtube_link":"","social_behance_link":"","social_soundcloud_link":"","favicon":"shopify:\/\/shop_images\/logo-company-brasil-icon.png","favicon_apple":"shopify:\/\/shop_images\/logo-company-brasil-icon.png","checkout_header_image":"","checkout_logo_image":"","checkout_logo_position":"left","checkout_logo_size":"small","checkout_body_background_image":"","checkout_body_background_color":"#fff","checkout_input_background_color_mode":"white","checkout_sidebar_background_image":"","checkout_sidebar_background_color":"#fafafa","checkout_heading_font":"-apple-system, BlinkMacSystemFont, 'Segoe UI', Roboto, Helvetica, Arial, sans-serif, 'Apple Color Emoji', 'Segoe UI Emoji', 'Segoe UI Symbol'","checkout_body_font":"-apple-system, BlinkMacSystemFont, 'Segoe UI', Roboto, Helvetica, Arial, sans-serif, 'Apple Color Emoji', 'Segoe UI Emoji', 'Segoe UI Symbol'","checkout_accent_color":"#197bbd","checkout_button_color":"#197bbd","checkout_error_color":"#e32c2b","enable_import":true,"use_eq_thumb_height":false,"img_ratio_thumb":"ratio_nt","use_eq_nav_height":false,"img_ratio_nav":"ratio_nt","img_size_nav":"nt_cover","img_pos_nav":"8","hide_currency":false,"remove_currency":false,"sup_currency":false,"fv_counter":false,"favicon_animation":"pop","fv_bgcolor":"#56cfe1","fv_txtcolor":"#ffffff","enable_pro_pp":false,"operation_days":"Mon:1700-2100,Tue:1700-2100,Wed:1700-2200,Thu:1700-2200,Fri:1700-2300,Sat:1200-2300,Sun:1200-2100","timezones":"America\/Los_Angeles","sale_cl":"#ec0101","color_body_text":"#555555","color_price_sale":"#ec0101","color_lazyload":"#f5f5f5","color_secondary":"#1b1919","color_sale":"#ff4e00","color_new":"#56cfd9","color_sold_out":"#999","color_btn_slider":"#f76b6a","color_btn_slider_text":"#fff","color_btn_add":"#f76b6a","color_btn_add_text":"#fff","color_btn_qv":"#383838","color_btn_qv_text":"#fff","color_btn_vc":"#2d2d2d","color_btn_vc_text":"#fff","color_btn_ck":"#f76b6a","color_btn_ck_text":"#fff","color_threshold_bar":"#ff4b4b","color_ship":"#f76b6a","color_ship_bar":"#95bf47","color_add_page":"#f76b6a","color_add_page_text":"#fff","color_add_sticky":"#f76b6a","color_add_sticky_text":"#fff","border_color_tab":"#f76b6a","color_mbnav":"#f76b6a","color_mbnav_text":"#fff","color_vernav":"#f76b6a","color_vernav_text":"#fff","color_btn_now":"#000","color_btn_now_text":"#fff","color_input_new":"#333333","color_sign_up":"#f76b6a","color_sign_up_text":"#fff","color_backtop":"#f76b6a","color_backtop_text":"#fff","color_tooltip":"#383838","color_tooltip_text":"#fff","font_body_text":"poppins_n4","size_body_text":14.5,"body_line_height":1.2,"font_heading":"poppins_n4","titles_line_height":1.4,"size_heading":36,"size_text_h1":28,"size_text_h2":24,"size_text_h3":22,"size_text_h4":18,"size_text_h5":16,"size_text_h6":12,"fnt_sub_title":"libre_baskerville_i4","show_back_next_pr":true,"upsell_cart":"","show_custom_css":false,"show_custom_js":false,"color_sale_50":"#ff4e00","show_inline_t4css":true,"sections":{"header_top":{"type":"header_top","blocks":{"header_top-0":{"type":"text","settings":{"text":"<i class=\"pegk pe-7s-call\"><\/i> 0800 878 3150\n<i class=\"pegk pe-7s-mail ml__15\"><\/i> <a class=\"cg\" href=\"mailto:sac@companybrasil.com.br\">sac@companybrasil.com.br<\/a>","hide":false,"col":"4"}},"header_top-1":{"type":"text","settings":{"text":"Orgulho em sustentar a marca de <span class=\"cr\"> 93,4% <\/span>de satisfação de nossos clientes ! <a href=\"\/collections\/trending\">Confira Nossas Ofertas!<\/a>","hide":false,"col":"4"}},"header_top-2":{"type":"cur","settings":{"hide":false,"col":"4"}}},"block_order":["header_top-0","header_top-1","header_top-2"],"settings":{"height":41,"fontsize":12,"cl":"#878787","cl_a":"#222","cl_cr":"#ec0101","bg":"#f6f6f8","bg_op":100,"show_border":false,"bd_cl":"#000","cl_tr":"#fff","cl_a_tr":"#fff","cl_cr_tr":"#ec0101","bg_tr":"#000","bg_op_tr":10,"show_border_tr":false,"bd_cl_tr":"#b3b3b3"}},"header_3":{"type":"header_3","blocks":{"1585641692236":{"type":"simple","settings":{"title":"Mais vendidos","url":"shopify:\/\/collections\/produtos-em-destaque","open_link":"_self","icon":"","cus_cl":true,"cl":"#ec0101","lb":"Descontos","lb_cl":"#ffa800"}},"1600452926962":{"type":"dropdown","settings":{"title":"Ideal pra jardim","url":"shopify:\/\/collections\/jardinagem","open_link":"_self","menu":"","icon":"","cus_cl":false,"cl":"#ec0101","lb":"","lb_cl":"","pos":"right"}},"1600462034761":{"type":"dropdown","settings":{"title":"Para sua casa","url":"shopify:\/\/collections\/perfeito-para-sua-casa","open_link":"_self","menu":"","icon":"Novo","cus_cl":false,"cl":"#ec0101","lb":"","lb_cl":"","pos":"right"}},"1600704616290":{"type":"dropdown","settings":{"title":"Contato","url":"shopify:\/\/pages\/contato-fale-conosco","open_link":"_self","menu":"","icon":"","cus_cl":false,"cl":"#ec0101","lb":"","lb_cl":"","pos":"right"}},"1600704656800":{"type":"dropdown","settings":{"title":"Rastrear pedido","url":"shopify:\/\/pages\/rastreio","open_link":"_self","menu":"","icon":"","cus_cl":false,"cl":"#ec0101","lb":"","lb_cl":"","pos":"right"}}},"block_order":["1585641692236","1600452926962","1600462034761","1600704616290","1600704656800"],"settings":{"height":70,"arrow":true,"align":"tc","hover":"hover_side_up"}},"footer_top":{"type":"footer_top","blocks":{"1581507819652":{"type":"logo","settings":{"image":"shopify:\/\/shop_images\/logo-company-brasil-marca.png","logo_width":95,"title":"Sobre nós","content":"<p><i class=\"pegk pe-7s-map-marker\"> <\/i><span> Company Brasil:<br>Av Paulista 3015 <br> <span brasil span=\"\"><\/span><\/span><\/p><p><i class=\"pegk pe-7s-mail\"><\/i><span> <a href=\"mailto:sac@companybrasil.com.br\">sac@companybrasil.com.br<\/a><\/span><\/p><p><i class=\"pegk pe-7s-call\"><\/i> <span>0800 878 3150 <\/span><\/p>","social_mode":"3","order":"1","cl":"3","cl_tb":"6","cl_mb":"12"}},"1581507824602":{"type":"menu","settings":{"title":"","menu":"main-menu","order":"1","cl":"2","cl_tb":"6","cl_mb":"12"}},"1581507828337":{"type":"menu","settings":{"title":"","menu":"footer","order":"1","cl":"2","cl_tb":"6","cl_mb":"12"}}},"block_order":["1581507819652","1581507824602","1581507828337"],"settings":{"sticky":false,"accordions":true,"border":false,"bd_cl":"#ededed","cl_h":"#222","cl":"#878787","cl_a":"#878787","cl_ip":"#878787","bd_ip":"#878787","cl_btn":"#222","bg":"#f6f6f8","bg_repeat":"no-repeat","bg_size":"cover","bg_att":"scroll","bg_pos":"center center","image":"","cl_overlay":"#000","cl_opacity":0}},"footer_bot":{"type":"footer_bot","blocks":{"1581507860120":{"type":"copy","settings":{"text":"Copyright © 2017-[year] <span class=\"cp\">Company Brasil<\/span> todos os direitos reservados. Cnpj: 36.406.870\/0001-02"}}},"block_order":["1581507860120"],"settings":{"layout":"6","bg":"#fff","cl":"#878787","cl_a":"#878787"}},"nt_custom_color":{"type":"nt_custom_color","blocks":{"1581560307303":{"type":"bg_color","settings":{"title":"Pink Clay","color_1_c":"#fcc6de","color_2_c":"#aa8a6c","color_img":true,"color_jpg":""}}},"block_order":["1581560307303"],"settings":{}},"cart_widget":{"type":"cart_widget","blocks":{"cart_widget-0":{"type":"price","settings":{}},"cart_widget-1":{"type":"tax","settings":{}},"cart_widget-2":{"type":"agree","settings":{}},"cart_widget-3":{"type":"btnc","settings":{}},"cart_widget-4":{"type":"btnck","settings":{}},"cart_widget-5":{"type":"btnmr","settings":{}},"cart_widget-6":{"type":"img","settings":{"image":""}},"cart_widget-7":{"type":"btn","settings":{"title":"Return To Shop","url":"","style":"primary tu"}}},"block_order":["cart_widget-0","cart_widget-1","cart_widget-2","cart_widget-3","cart_widget-4","cart_widget-5","cart_widget-6","cart_widget-7"],"settings":{"style":"1","pos":"2","calc_ship":true,"show_note":true,"show_rates":false,"show_discount":true,"show_gift_wrap":true}},"mb_nav":{"type":"mb_nav","blocks":{"mb_nav-0":{"type":"menu","settings":{"title":"Início","url":"https:\/\/companybrasil.com.br\/","open_link":"_self","menu":"","icon":"","lb":"","lb_cl":""}},"mb_nav-1":{"type":"menu","settings":{"title":"Coleções","url":"shopify:\/\/collections\/all","open_link":"_self","menu":"main-menu","icon":"","lb":"","lb_cl":""}},"mb_nav-2":{"type":"menu","settings":{"title":"Rastreamento","url":"shopify:\/\/collections\/rastreio","open_link":"_self","menu":"","icon":"","lb":"","lb_cl":""}},"mb_nav-5":{"type":"sea","settings":{}},"mb_nav-4":{"type":"wis","settings":{}},"mb_nav-6":{"type":"acc","settings":{}},"mb_nav-7":{"type":"help","settings":{"title":"Precisa de ajuda?","text":"<i class=\"pegk pe-7s-call fwb mr__10\"><\/i>0800 878 3150<br><i class=\"pegk pe-7s-mail fwb mr__10\"><\/i><a class=\"cg\" href=\"mailto:sac@companybrasil.com.br\">sac@companybrasil.com.br<\/a>"}},"mb_nav-8":{"type":"cur","settings":{}},"1599620808818":{"type":"lang","settings":{}}},"block_order":["mb_nav-0","mb_nav-1","mb_nav-2","mb_nav-5","mb_nav-4","mb_nav-6","mb_nav-7","mb_nav-8","1599620808818"],"settings":{}},"mb_cat":{"type":"mb_cat","blocks":{"1585641915360":{"type":"cat","settings":{"cat":"","title":"Women’s Clothing","menu":"","lb":"","lb_cl":"#e91e63","icons_op":"2","image":"","icon":"female"}},"1585642130935":{"type":"cat","settings":{"cat":"","title":"Men’s Clothing","menu":"","lb":"","lb_cl":"#e91e63","icons_op":"2","image":"","icon":"male"}},"1585642167981":{"type":"cat","settings":{"cat":"","title":"Watches","menu":"","lb":"","lb_cl":"#e91e63","icons_op":"2","image":"","icon":"clock"}},"1585642277236":{"type":"cat","settings":{"cat":"","title":"Acessories","menu":"","lb":"","lb_cl":"#e91e63","icons_op":"2","image":"","icon":"glasses"}},"1585642450066":{"type":"cat","settings":{"cat":"","title":"","menu":"","lb":"","lb_cl":"#e91e63","icons_op":"2","image":"","icon":"camera-retro"}},"1585642600575":{"type":"cat","settings":{"cat":"","title":"Shoes","menu":"","lb":"","lb_cl":"#e91e63","icons_op":"2","image":"","icon":"shoe-prints"}},"1585642629333":{"type":"cat","settings":{"cat":"","title":"Jewellery","menu":"","lb":"","lb_cl":"#e91e63","icons_op":"2","image":"","icon":"gem"}},"1585642644518":{"type":"cat","settings":{"cat":"","title":"T-Shirt","menu":"","lb":"","lb_cl":"#e91e63","icons_op":"2","image":"","icon":"tshirt"}},"1585642780875":{"type":"cat","settings":{"cat":"","title":"Toys, Kids & Baby","menu":"","lb":"","lb_cl":"#e91e63","icons_op":"2","image":"","icon":"child"}},"1585642798957":{"type":"cat","settings":{"cat":"","title":"Decor","menu":"","lb":"","lb_cl":"#e91e63","icons_op":"2","image":"","icon":"chair"}}},"block_order":["1585641915360","1585642130935","1585642167981","1585642277236","1585642450066","1585642600575","1585642629333","1585642644518","1585642780875","1585642798957"],"settings":{}},"toolbar_mobile":{"type":"toolbar_mobile","blocks":{"toolbar_mobile-0":{"type":"shop","settings":{"title":"Produtos","link":"todos-os-produtos"}},"1581912867486":{"type":"filter","settings":{"title":"Filter"}},"toolbar_mobile-1":{"type":"wish","settings":{"title":"Favoritados"}},"toolbar_mobile-2":{"type":"cart","settings":{"title":"Carrinho"}},"toolbar_mobile-3":{"type":"account","settings":{"title":"Conta"}},"toolbar_mobile-4":{"type":"search","settings":{"title":"Pesquisar"}}},"block_order":["toolbar_mobile-0","1581912867486","toolbar_mobile-1","toolbar_mobile-2","toolbar_mobile-3","toolbar_mobile-4"],"settings":{"show_txt":true}},"1581505838591":{"type":"featured_collection","settings":{"title":"Mais vendidos da semana","sub_title":"Produtos mais pedidos pelos  nossos clientes nos últimos 7 dias","sub_font":"2","btn_title":"See all products","style_title":"title_2","ic_tt":"gem","show_clpr":false,"collection":"produtos-em-destaque","limit":4,"space":30,"use_pagination":"more","use_bar_lm":true,"btn_rd":true,"btn_icon":false,"btn_style":"default","col_pr":"3","col_pr_tb":"3","col_pr_mb":"6","pr_des":"1","show_vendor":false,"use_cdt":false,"round_cd":false,"cdt_des":"5","use_eq_height":false,"image_ratio":"ratio_nt","image_size":"nt_cover","image_position":"8","hidden":false,"cp_code":false,"layout":"container","cl_bg":"","mg":",,90px,","pd":"","mg_mb":",,60px,","pd_mb":""}},"1581507980761":{"type":"banner","disabled":true,"blocks":{"1581507980761-0":{"type":"image","settings":{"image":"","img_align":"center","url":"shopify:\/\/collections\/trending","open_link":"_self","cat_design":"1","title":"LOOKBOOK 2020","title_2":"MAKE LOVE THIS LOOK","txt_align":"tc","banner_align":"fl_center"}},"1581507980761-1":{"type":"image","settings":{"image":"","img_align":"center","url":"shopify:\/\/collections\/trending","open_link":"_self","cat_design":"2","title":"SUMMER SALE","title_2":"UP TO 70%","txt_align":"tc","banner_align":"fl_center"}}},"block_order":["1581507980761-0","1581507980761-1"],"settings":{"title":"","sub_title":"","sub_font":"2","style_title":"title_1","ic_tt":"gem","show_clpr":false,"cat_space":"30","image_ratio":"auto","col":"6","col_md":"6","col_mb":"12","hoverz":true,"use_shadow":false,"cl_txt":"#ffffff","cl_overlay":"#000","cl_opacity":0,"layout":"container","cl_bg":"","mg":",,80px,","pd":"","mg_mb":",,60px,","pd_mb":""}},"1581507993250":{"type":"featured_collection","settings":{"title":"Projeto jardim dos sonhos","sub_title":"produtos elaborados para transformar o seu jardim","sub_font":"2","btn_title":"See all products","style_title":"title_2","ic_tt":"gem","show_clpr":false,"collection":"jardinagem","limit":8,"space":30,"use_pagination":"none","use_bar_lm":true,"btn_rd":true,"btn_icon":false,"btn_style":"default","col_pr":"3","col_pr_tb":"3","col_pr_mb":"6","pr_des":"1","show_vendor":false,"use_cdt":false,"round_cd":false,"cdt_des":"1","use_eq_height":false,"image_ratio":"ratio_nt","image_size":"nt_cover","image_position":"8","hidden":false,"cp_code":false,"layout":"container","cl_bg":"","mg":",,80px,","pd":"","mg_mb":",,60px,","pd_mb":""}},"1581508031759":{"type":"featured_blog","disabled":true,"settings":{"title":"LATES FROM BLOG","sub_title":"The freshest and most exciting news","sub_font":"2","btn_title":"See all posts","style_title":"title_2","ic_tt":"pencil-alt","show_clpr":false,"layout_des":"1","art_des":"2","blog":"","limit":6,"use_pagination":"none","use_bar_lm":true,"btn_rd":true,"btn_icon":false,"btn_style":"default","date":"date","col_pr":"4","col_pr_tb":"4","col_pr_mb":"12","show_cnt":true,"show_au":true,"show_dt":true,"show_cm":false,"show_rm":false,"loop":false,"au_time":0,"au_hover":true,"button":true,"btn_vi":"1","btn_owl":"1","btn_color":"1","dot":false,"dot_owl":"1","dot_color":"1","use_eq_height":true,"image_ratio":"ratio4_3","image_size":"nt_cover","image_position":"8","layout":"container","cl_bg":"#fff","mg":",,85px,","pd":"","mg_mb":",,60px,","pd_mb":""}},"1581508120953":{"type":"instagram_shop","disabled":true,"blocks":{"1581508120953-0":{"type":"img","settings":{"image":"","url":""}},"1581508249339":{"type":"pin","settings":{"pos_t":39,"pos_l":39,"cl_pin":"dark","product":""}},"1581508120953-2":{"type":"img","settings":{"image":"","url":""}},"1581508571978":{"type":"pin","settings":{"pos_t":50,"pos_l":50,"cl_pin":"dark","product":""}},"1581508120953-1":{"type":"img","settings":{"image":"","url":""}},"1581508478366":{"type":"pin","settings":{"pos_t":32,"pos_l":67,"cl_pin":"dark","product":""}},"1581508503488":{"type":"pin","settings":{"pos_t":98,"pos_l":44,"cl_pin":"dark","product":""}},"1581508120953-3":{"type":"img","settings":{"image":"","url":""}},"1581508536038":{"type":"pin","settings":{"pos_t":28,"pos_l":79,"cl_pin":"dark","product":""}},"1581508120953-5":{"type":"img","settings":{"image":"","url":""}},"1581508621940":{"type":"pin","settings":{"pos_t":66,"pos_l":48,"cl_pin":"dark","product":""}},"1581508120953-4":{"type":"img","settings":{"image":"","url":""}},"1581508614765":{"type":"pin","settings":{"pos_t":66,"pos_l":42,"cl_pin":"dark","product":""}},"1581508222506":{"type":"img","settings":{"image":"","url":""}},"1581508561626":{"type":"pin","settings":{"pos_t":50,"pos_l":50,"cl_pin":"dark","product":""}},"1581782278305":{"type":"img","settings":{"image":"","url":""}},"1581789761991":{"type":"pin","settings":{"pos_t":50,"pos_l":50,"cl_pin":"dark","product":""}}},"block_order":["1581508120953-0","1581508249339","1581508120953-2","1581508571978","1581508120953-1","1581508478366","1581508503488","1581508120953-3","1581508536038","1581508120953-5","1581508621940","1581508120953-4","1581508614765","1581508222506","1581508561626","1581782278305","1581789761991"],"settings":{"title":"@ FOLLOW US ON INSTAGRAM","sub_title":"","sub_font":"2","style_title":"title_2","ic_tt":"gem","show_clpr":false,"layout_des":"2","open_link":"_self","space":"0","rounded_ins":"0","col_pr":"2","col_pr_tb":"3","col_pr_mb":"6","loop":false,"au_time":0,"au_hover":true,"button":true,"btn_vi":"1","btn_owl":"1","btn_color":"0","dot":false,"dot_owl":"1","dot_color":"1","use_eq_height":true,"image_ratio":"ratio1_1","image_size":"nt_cover","image_position":"8","hidden":false,"cp_code":false,"layout":"nt_full","cl_bg":"#fff","mg":"","pd":"","mg_mb":"","pd_mb":""}},"1581530479619":{"type":"shipping","blocks":{"1581530479619-0":{"type":"shipping","settings":{"image":"","icon":"pe-7s-plane","title":"Frete Grátis","text":"Frete grátis para comprar acima de R$ 150"}},"1581530479619-1":{"type":"shipping","settings":{"image":"","icon":"pe-7s-help1","title":"Suporte 24h","text":"Estamos disponíveis 24h para te atender. E-mail: sac@companybrasil.com.br 0800 878 3150"}},"1581530479619-2":{"type":"shipping","settings":{"image":"","icon":"pe-7s-refresh","title":"30 Dias de Garantia","text":"Todos os nossos produtos são testados e aprovados pelo Inmetro."}},"1581530479619-3":{"type":"shipping","settings":{"image":"","icon":"pe-7s-door-lock","title":"Pagamento 100% Seguro","text":"Utilizamos o PagSeguro como processamento de pagamento de nossos clientes. Plataforma mais segura de pagamentos via internet."}}},"block_order":["1581530479619-0","1581530479619-1","1581530479619-2","1581530479619-3"],"settings":{"source":"pegk","icon_des":"deafult","icon_align":"tl","icon_size":"medium","col_pr":"3","col_pr_tb":"6","col_mb":"fl_nowrap","border":false,"layout":"container","cl_bd":"#ddd","cl_bg":"#fff","cl_ic":"#9e9e9e","cl_hd":"#222222","cl_cot":"#878787","mg":"50px,,,","pd":"","mg_mb":"","pd_mb":""}},"1581505806578":{"type":"slideshow","blocks":{"1585640162346":{"type":"img","settings":{"image":"shopify:\/\/shop_images\/banner-cb-1_6bdf9822-717e-4fe5-bd91-7643eb2ee005.png","image_mb":"","pos_img":"center center","cl_img":"","link_img1":"","open_link":"_blank","caption_w":"1","cap_v_pos":50,"cap_h_pos":0,"txt_align":"tl_md","cap_v_pos_mb":50,"cap_h_pos_mb":39,"txt_align_mb":"tl","cl_overlay":"#000","cl_opacity":0,"ani_img":"tran_ef","ani_txt":"left_right"}},"1600638725722":{"type":"img","settings":{"image":"shopify:\/\/shop_images\/banner-bolsa-para-jardim-suspenso-cb-1_4574b902-0356-42b8-8627-26539fc9f604.png","image_mb":"","pos_img":"center center","cl_img":"","link_img1":"","open_link":"_blank","caption_w":"2","cap_v_pos":50,"cap_h_pos":39,"txt_align":"tl_md","cap_v_pos_mb":50,"cap_h_pos_mb":39,"txt_align_mb":"tl","cl_overlay":"#000","cl_opacity":0,"ani_img":"none","ani_txt":"none"}},"1600638756831":{"type":"img","settings":{"image":"shopify:\/\/shop_images\/banner-vantagens-cb-1_8368643e-7a9a-4d26-8b32-c79185e188c4.png","image_mb":"","pos_img":"center center","cl_img":"","link_img1":"","open_link":"_blank","caption_w":"2","cap_v_pos":50,"cap_h_pos":39,"txt_align":"tl_md","cap_v_pos_mb":50,"cap_h_pos_mb":39,"txt_align_mb":"tl","cl_overlay":"#000","cl_opacity":0,"ani_img":"none","ani_txt":"none"}}},"block_order":["1585640162346","1600638725722","1600638756831"],"settings":{"se_height":"adapt","use_custom_h":"1","h_des":"600px","h_tb":"500px","h_mb":"250px","effect":"1","loop":true,"autoplay":true,"au_time":8,"au_hover":true,"button":false,"btn_vi":"2","btn_owl":"1","btn_color":"0","dot":true,"dot_owl":"2","dot_color":"1","layout":"nt_full","cl_bg":"#efefef","mg":"","pd":"","mg_mb":"","pd_mb":""}},"header_banner":{"type":"header_banner","settings":{"link":"shopify:\/\/collections\/trending","text":"Semana especial do cliente. Descontos de até <strong>70% <\/strong> Promoções acabam em [countdown].  <i class=\"las la-arrow-right\"><\/i>","countdown":"2020\/09\/20","height":41,"fontsize":12,"cl":"#fff","bg":"#0d0d0d","bg_op":100,"show_close":false,"show_icon":true,"txt_btn":"Fechar","cl_btn":"#fff","ver":1,"date":60}},"cat_shop":{"type":"cat_shop","blocks":{"1585708576212":{"type":"cat","settings":{"collection":"perfeito-para-sua-casa","icon":""}},"1585708497192":{"type":"cat","settings":{"collection":"jardinagem","icon":""}},"1585708599819":{"type":"cat","settings":{"collection":"produtos-em-destaque","icon":""}}},"block_order":["1585708576212","1585708497192","1585708599819"],"settings":{"shown":true,"source":"2","sort":"alphabetical"}},"cat_heading":{"type":"cat_heading","settings":{"shown":false,"image":"","use_specify_image":false,"parallax":false,"color":"#000","overlay":54,"padding":50,"bg_pos":"center center","bg_repeat":"no-repeat","bg_size":"cover","bg_att":"scroll"}},"nt_filter":{"type":"nt_filter","settings":{}},"collection_page":{"type":"collection_page","settings":{"limit":12,"space":30,"use_pagination":"default","use_bar_lm":true,"col_pr":"3","col_pr_tb":"3","col_pr_mb":"6","pr_des":"1","show_vendor":false,"use_cdt":false,"round_cd":false,"cdt_des":"1","use_eq_height":false,"image_ratio":"ratio_nt","image_size":"nt_cover","image_position":"8"}},"article-heading":{"type":"article-heading","blocks":{"article-heading-0":{"type":"1","settings":{}},"article-heading-1":{"type":"2","settings":{}},"article-heading-2":{"type":"3","settings":{}}},"block_order":["article-heading-0","article-heading-1","article-heading-2"],"settings":{"shown":true,"image":"","use_specify_image":true,"parallax":true,"color":"#000","overlay":54,"padding":50,"bg_pos":"center center","bg_repeat":"no-repeat","bg_size":"cover","bg_att":"scroll"}},"article-template":{"type":"article-template","blocks":{"article-template-0":{"type":"content","settings":{}},"article-template-1":{"type":"tags","settings":{}},"article-template-2":{"type":"social","settings":{"follow":false,"tooltip":true,"des":"2"}},"article-template-3":{"type":"nav","settings":{}},"article-template-4":{"type":"related","settings":{"title":"Related Articles","t_center":true,"limit":5,"date":"date","col_pr":"4","col_pr_tb":"4","col_pr_mb":"12","loop":false,"au_time":0,"au_hover":true,"button":true,"btn_vi":"2","btn_owl":"1","btn_color":"0","dot":true,"dot_owl":"1","dot_color":"1","use_eq_height":true,"image_ratio":"ratio4_3","image_size":"nt_cover","image_position":"8"}},"article-template-5":{"type":"comments","settings":{}}},"block_order":["article-template-0","article-template-1","article-template-2","article-template-3","article-template-4","article-template-5"],"settings":{}},"pr_summary":{"type":"pr_summary","blocks":{"pr_summary-0":{"type":"title","settings":{"size":26}},"pr_summary-1":{"type":"pricereview","settings":{"price":"2","rating":true}},"pr_summary-3":{"type":"frm","settings":{"ani":"shake","time":6,"btn_des":"3","btn_txt":"3","swatch_design":"2","style_color":"1","swatch_style":"1","swatch_size":"large","show_qty":true,"btn_atc_full":true,"enable_payment_btn":false}},"pr_summary-4":{"type":"size","settings":{"size_chart":"2","sc_type":"1","page":"","image":"","size_ck":"","delivery":false,"page_dr":"","ask":false}},"pr_summary-5":{"type":"meta","settings":{"show_pr_vendor":false,"show_sku":false,"show_available":false,"show_category_product":false,"show_tag_product":false}},"1600704777095":{"type":"countdown","settings":{"source":"1","timezone":false,"loop":false,"icon":"2","icon_name":"stopwatch","img":"","fade":true,"al":"tc","mess":"Se apresse! Esta promoção se encerra em:","size":16,"stock_time":"8:00:00,16:00:00,23:59:59","day":"Dias","hr":"Horas","min":"Min","sec":"Seg","cd_style":"dark"}}},"block_order":["pr_summary-0","pr_summary-1","pr_summary-3","pr_summary-4","pr_summary-5","1600704777095"],"settings":{}},"pr_description":{"type":"pr_description","blocks":{"pr_description-0":{"type":"des","settings":{"title":"Descrição"}}},"block_order":["pr_description-0"],"settings":{"show":true,"bgcl":"#ffffff","bgclmb":"#fff","des_w":"1","des_mb":"2","auto":true,"mg":"30px,,30px,","mg_mb":"0,,0,"}},"product-recommendations":{"type":"product-recommendations","settings":{"show":true,"title":"Talvez você também goste destes produtos","sub_title":"","sub_font":"2","style_title":"title_1","ic_tt":"gem","show_clpr":false,"display_type":"3","limit":6,"space":30,"col_pr":"3","col_pr_tb":"3","col_pr_mb":"6","pr_des":"1","show_vendor":false,"use_cdt":false,"round_cd":false,"cdt_des":"1","loop":true,"au_time":0,"au_hover":true,"button":false,"btn_vi":"1","btn_owl":"1","btn_color":"0","dot":false,"dot_owl":"1","dot_color":"1","use_eq_height":false,"image_ratio":"ratio_nt","image_size":"nt_cover","image_position":"8"}},"recently_viewed":{"type":"recently_viewed","settings":{"show":false,"unavailable_prs":"show","title":"Produtos vistos recentemente","sub_title":"","sub_font":"2","style_title":"title_1","ic_tt":"gem","show_clpr":false,"limit":6,"sortby":"3","space":30,"col_pr":"3","col_pr_tb":"3","col_pr_mb":"6","pr_des":"1","show_vendor":false,"use_cdt":false,"round_cd":false,"cdt_des":"1","loop":true,"au_time":0,"au_hover":true,"button":false,"btn_vi":"1","btn_owl":"1","btn_color":"0","dot":false,"dot_owl":"1","dot_color":"1","use_eq_height":false,"image_ratio":"ratio_nt","image_size":"nt_cover","image_position":"8"}},"list_cat_heading":{"type":"list_cat_heading","settings":{"shown":true,"image":"","use_specify_image":true,"parallax":false,"color":"#000","overlay":54,"padding":50,"bg_pos":"center center","bg_repeat":"no-repeat","bg_size":"cover","bg_att":"scroll"}},"list-collections-template":{"type":"list-collections-template","settings":{"layout":"default","hoverz":true,"cat_design":"1","cat_space":"30","display_type":"all","sort":"alphabetical","col":"4","col_md":"3","col_mb":"6","pr_txt":"products","use_eq_height":true,"image_ratio":"ratio1_1"}},"cart_heading":{"type":"cart_heading","blocks":{"cart_heading-0":{"type":"1","settings":{"title":"Shopping cart"}}},"block_order":["cart_heading-0"],"settings":{"image":"","parallax":false,"color":"#000","overlay":50,"padding":50,"bg_pos":"center center","bg_repeat":"no-repeat","bg_size":"cover","bg_att":"scroll"}},"cart-template":{"type":"cart-template","blocks":{"cart-template-0":{"type":"price","settings":{}},"cart-template-1":{"type":"tax","settings":{}},"cart-template-2":{"type":"agree","settings":{}},"cart-template-3":{"type":"btnck","settings":{}},"cart-template-4":{"type":"btnmr","settings":{}},"cart-template-5":{"type":"img","settings":{"image":"","wimg":50}},"cart-template-6":{"type":"btn","settings":{"title":"Return To Shop","url":"","style":"primary tu"}}},"block_order":["cart-template-0","cart-template-1","cart-template-2","cart-template-3","cart-template-4","cart-template-5","cart-template-6"],"settings":{"ajax_enable":true,"calc_ship":true,"show_note":true,"show_rates":true,"show_discount":true,"show_gift_wrap":true}},"cart_upsell":{"type":"cart_upsell","settings":{"show_section":true,"title":"Complete your cart","sub_title":"","style_title":"title_1","ic_tt":"gem","show_clpr":false,"collection":"","limit":6,"space_cat":"30","col_pr":"3","col_pr_tb":"3","col_pr_mb":"6","pr_des":"1","show_vendor":false,"sale_countdown":false,"collection_countdown_style":"dark","use_eq_height":false,"image_ratio":"ratio_nt","image_size":"nt_cover","image_position":"8"}},"blog-heading":{"type":"blog-heading","blocks":{"blog-heading-0":{"type":"1","settings":{}},"blog-heading-1":{"type":"2","settings":{}}},"block_order":["blog-heading-0","blog-heading-1"],"settings":{"shown":true,"image":"","parallax":false,"color":"#000","overlay":54,"padding":50,"bg_pos":"center center","bg_repeat":"no-repeat","bg_size":"cover","bg_att":"scroll"}},"blog-template":{"type":"blog-template","settings":{"shop_des":"default","art_des":"1","limit":5,"space":40,"use_pagination":"default","use_bar_lm":true,"btn_rd":true,"btn_style":"default","date":"date","col_pr":"6","col_pr_tb":"6","col_pr_mb":"12","show_au":true,"show_dt":true,"show_cm":false,"show_tg":true,"cl":"#fff","cl2":"#878787","bg":"#000","overlay":90,"des_cnt":"1","use_eq_height":true,"image_ratio":"ratio4_3","image_size":"nt_cover","image_position":"8","source":"0","count":true}},"blog-slider":{"type":"blog-slider","settings":{"blog":"","limit":6,"date":"date","col_pr":"4","col_pr_tb":"4","col_pr_mb":"12","show_au":true,"show_dt":true,"loop":false,"au_time":0,"au_hover":true,"button":true,"btn_vi":"1","btn_owl":"1","btn_color":"0","dot":false,"dot_owl":"1","dot_color":"1","cl":"#fff","cl2":"#878787","bg":"#000","overlay":80,"use_eq_height":true,"image_ratio":"ratio4_3","image_size":"nt_cover","image_position":"8","layout":"nt_full"}},"bptf-heading":{"type":"bptf-heading","blocks":{"bptf-heading-0":{"type":"1","settings":{}},"bptf-heading-1":{"type":"2","settings":{}}},"block_order":["bptf-heading-0","bptf-heading-1"],"settings":{"shown":true,"image":"","parallax":false,"color":"#000","overlay":54,"padding":50,"bg_pos":"center center","bg_repeat":"no-repeat","bg_size":"cover","bg_att":"scroll"}},"bptf-template":{"type":"bptf-template","settings":{"ptf_layout":"default","shop_des":"masonry","limit":5,"space":30,"use_pagination":"default","use_bar_lm":true,"btn_rd":true,"btn_style":"default","col_pr":"6","col_pr_tb":"6","col_pr_mb":"12","use_eq_height":false,"image_ratio":"ratio_nt","image_size":"nt_cover","image_position":"8","source":"1","count":true}},"aptf-heading":{"type":"aptf-heading","blocks":{"aptf-heading-0":{"type":"1","settings":{}},"aptf-heading-1":{"type":"2","settings":{}}},"block_order":["aptf-heading-0","aptf-heading-1"],"settings":{"shown":true,"image":"","use_specify_image":true,"parallax":false,"color":"#000","overlay":54,"padding":50,"bg_pos":"center center","bg_repeat":"no-repeat","bg_size":"cover","bg_att":"scroll"}},"aptf-template":{"type":"aptf-template","blocks":{"aptf-template-0":{"type":"content","settings":{}},"aptf-template-1":{"type":"infos","settings":{"cat":true,"author":true,"tags":true}},"aptf-template-2":{"type":"social","settings":{"follow":false,"tooltip":true,"des":"2"}},"aptf-template-3":{"type":"nav","settings":{}},"aptf-template-4":{"type":"related","settings":{"title":"Related Portfolio","t_center":true,"limit":5,"date":"date","col_pr":"4","col_pr_tb":"4","col_pr_mb":"12","loop":false,"au_time":0,"au_hover":true,"button":true,"btn_vi":"2","btn_owl":"1","btn_color":"0","dot":true,"dot_owl":"1","dot_color":"1","use_eq_height":false,"image_ratio":"ratio_nt","image_size":"nt_cover","image_position":"8"}}},"block_order":["aptf-template-0","aptf-template-1","aptf-template-2","aptf-template-3","aptf-template-4"],"settings":{"ptf_layout":"default"}},"pages_heading":{"type":"pages_heading","blocks":{"pages_heading-0":{"type":"1","settings":{}}},"block_order":["pages_heading-0"],"settings":{"image":"","parallax":false,"color":"#000","overlay":54,"padding":50,"bg_pos":"center center","bg_repeat":"no-repeat","bg_size":"cover","bg_att":"scroll"}},"sticky_atc":{"type":"sticky_atc","settings":{"mb":true,"ani":"none","time":6}},"sales_popup":{"type":"sales_popup","settings":{"collection_id":"","limit":50,"index":true,"product":true,"collection":false,"article":false,"blog":false,"cart":false,"page":false,"pp_type":"2","start_time":5,"start_time_unit":"1000","stay_time":10,"stay_time_unit":"1000","show_cl":true,"show_qv":true,"list_user":"Nathan (California) | Alex (Texas) | Henry (New York) | Kiti (Ohio) | Daniel (Washington) | Hau (California) | Van (Ohio) | Sara (Montana)  | Kate (Georgia)","show_time":true,"list_time":"4 hours ago | 2 hours ago | 45 minutes ago | 1 day ago | 8 hours ago | 10 hours ago | 25 minutes ago | 2 day ago | 5 hours ago | 40 minutes ago","show_verify":true,"des":"1","pp_ani":"anislideInUp","txt1":"purchased","txt2":"Verified"}},"promo_pr_pp":{"type":"promo_pr_pp","settings":{"title":"Wait! Can't find what you're looking for?","sub_title":"Maybe this will help...","sub_font":"2","btn_title":"See all products","style_title":"title_2","ic_tt":"gem","show_clpr":false,"collection_id":"","limit":8,"col_pr":"4","pr_des":"1","show_vendor":false,"use_cdt":false,"round_cd":false,"cdt_des":"1","loop":true,"au_time":0,"au_hover":true,"button":false,"btn_vi":"1","btn_owl":"1","btn_color":"0","dot":false,"dot_owl":"1","dot_color":"1","use_eq_height":false,"image_ratio":"ratio_nt","image_size":"nt_cover","image_position":"8","index":true,"product":false,"collection":false,"article":false,"blog":false,"cart":false,"page":false,"day_next":1}},"re_upsell":{"type":"re_upsell","settings":{"title":"Olha só, talvez você goste dessas promoções!","sub_title":"","sub_font":"2","style_title":"title_2","ic_tt":"gem","show_clpr":false,"display_type":"3","limit":6,"space":30,"col_pr":"3","col_pr_tb":"3","col_pr_mb":"6","pr_des":"1","show_vendor":false,"use_cdt":false,"round_cd":false,"cdt_des":"1","use_eq_height":false,"image_ratio":"ratio_nt","image_size":"nt_cover","image_position":"8"}},"page_meta_ntt4":{"type":"page_meta_ntt4","settings":{}},"img_meta_ntt4":{"type":"img_meta_ntt4","settings":{}},"1600544134524":{"type":"featured_collection","settings":{"title":"Perfeitos para sua casa","sub_title":"Transformamos o seu lar em um ambiente cada vez mais doce","sub_font":"2","btn_title":"See all products","style_title":"title_1","ic_tt":"gem","show_clpr":false,"collection":"perfeito-para-sua-casa","limit":8,"space":30,"use_pagination":"none","use_bar_lm":true,"btn_rd":true,"btn_icon":false,"btn_style":"default","col_pr":"3","col_pr_tb":"3","col_pr_mb":"6","pr_des":"1","show_vendor":false,"use_cdt":false,"round_cd":false,"cdt_des":"1","use_eq_height":false,"image_ratio":"ratio_nt","image_size":"nt_cover","image_position":"8","hidden":false,"cp_code":false,"layout":"container","cl_bg":"","mg":"50px,,50px,","pd":"","mg_mb":"","pd_mb":""}},"contact_heading":{"type":"contact_heading","blocks":{"contact_heading-0":{"type":"1","settings":{}}},"block_order":["contact_heading-0"],"settings":{"image":"","parallax":false,"color":"#000","overlay":54,"padding":50,"bg_pos":"center center","bg_repeat":"no-repeat","bg_size":"cover","bg_att":"scroll"}}},"content_for_index":["1581505806578","1581505838591","1581507980761","1581507993250","1581508031759","1581508120953","1600544134524","1581530479619"]}}